Institucio,Campana,Ubicacion,Direccion,lon,lat
,VIDRIO,SUPERMERCADO LIDER,PAUL HARRIS / ESTORIL,-70.531273,-33.386071
,BOTELLA DE PLASTICO PET NUM 1,VIA PUBLICA,ALCALDE MANUEL DE LA LASTRA / FRANCISCO BILBAO,-70.554556,-33.430644
,BOTELLA DE PLASTICO PET NUM 1,PUNTO LIMPIO,FRANCISCO BILBAO / DUQUECO,-70.547487,-33.429561
,BOTELLA DE PLASTICO PET NUM 1,PUNTO LIMPIO,FRANCISCO BULNES CORREA / CAMINO LAS FLORES,-70.517164,-33.395241
,BOTELLA DE PLASTICO PET NUM 1,PUNTO LIMPIO,ALONSO DE CORDOVA / O`CONNELL,-70.568788,-33.407871
,BOTELLA DE PLASTICO PET NUM 1,SUPERMERCADO LIDER EXPRESS ESTORIL,LAS CONDES 10295,-70.534173,-33.384163
,BOTELLA DE PLASTICO PET NUM 1,SUPERMERCADO LIDER EXPRESS LATADIA,AMERICO VESPUCIO SUR 1790,-70.574741,-33.428518
,BOTELLA DE PLASTICO PET NUM 1,SUPERMERCADO LIDER EXPRESS TOMAS MORO,TOMAS MORO 1590,-70.552819,-33.414567
,BOTELLA DE PLASTICO PET NUM 1,SUPERMERCADO LIDER LOS DOMINICOS,CAMINO EL ALBA 11865,-70.515906,-33.401136
,BOTELLA DE PLASTICO PET NUM 1,SUPERMERCADO SANTA ISABEL LAS CONDES,MANQUEHUE NORTE 457,-70.568897,-33.403881
,BOTELLA DE PLASTICO PET NUM 1,SUPERMERCADO SANTA ISABEL LAS CONDES,LAS CONDES 12207,-70.518865,-33.373461
,DIARIO Y PAPEL,BANCO CREDITO,EL GOLF 125,-70.591749,-33.414503
,DIARIO Y PAPEL,EMPRESA BGS SA,PAUL HARRIS 9574,-70.535969,-33.39022
,DIARIO Y PAPEL,CLINICA DE SAN CARLOS,CAMINO EL ALBA 12351,-70.508025,-33.399499
,DIARIO Y PAPEL,COMUNIDAD CERRO APOQUINDO,ALEJANDRO FLEMING 11020,-70.524128,-33.422423
,DIARIO Y PAPEL,COMUNIDAD EDIFICIO FLANDES,FLANDES 1166,-70.580963,-33.425512
,DIARIO Y PAPEL,COMUNIDAD EDIFICIO ESCANDINAVIA,MARTIN DE ZAMORA 4621,-70.577556,-33.419273
,DIARIO Y PAPEL,COMUNIDAD EDIFICIO HUIDOBRO,PRESIDENTE RIESCO 5711,-70.573762,-33.404173
,DIARIO Y PAPEL,COMUNIDAD EDIFICIO JARDIN CASA KENNEDY,CAPITAN CROSBIE 960,-70.558702,-33.394285
,DIARIO Y PAPEL,CONJUNTO HAB MARTIN DE ZAMORA,MARTIN DE ZAMORA 4621,-70.577556,-33.419273
,DIARIO Y PAPEL,EDIFICIO EL DIRECTOR,EL DIRECTOR 5813,-70.567343,-33.413209
,DIARIO Y PAPEL,EDIFICIO SEGOVIA,LA PASTORA 181,-70.596206,-33.413952
,DIARIO Y PAPEL,EDIFICIO,NORUEGA 6595,-70.563295,-33.404836
,DIARIO Y PAPEL,PARROQUIA LA TRANSFIGURACION DEL SEÑOR,APOQUINDO 7228,-70.554376,-33.40778
,DIARIO Y PAPEL,PARROQUIA NUESTRA SEÑORA DE LAS NIEVES,CUARTO CENTENARIO 1720,-70.543735,-33.425783
,DIARIO Y PAPEL,PARROQUIA NUESTRA SEÑORA DE LOS ANGELES,EL GOLF 155,-70.591877,-33.413944
,DIARIO Y PAPEL,PARROQUIA NUESTRA SEÑORA DEL ROSARIO,PRESIDENTE RIESCO 6430,-70.568567,-33.40169
,DIARIO Y PAPEL,PARROQUIA SAN PATRICIO,ISABEL LA CATOLICA 6319,-70.562183,-33.425126
,DIARIO Y PAPEL,PARROQUIA SANTA MARIA DE LAS CONDES,LAS CONDES 9700,-70.538786,-33.387267
,DIARIO Y PAPEL,PUNTO LIMPIO,ALONSO DE CORDOVA / O`CONNELL,-70.568788,-33.407871
,DIARIO Y PAPEL,PUNTO LIMPIO,FRANCISCO BILBAO / DUQUECO,-70.547487,-33.429561
,DIARIO Y PAPEL,PUNTO LIMPIO,FRANCISCO BULNES CORREA / CAMINO LAS FLORES,-70.517164,-33.395241
,DIARIO Y PAPEL,SUPERMERCADO LIDER HIPER LOS DOMINICOS,CAMINO EL ALBA 11865,-70.515906,-33.401136
,DIARIO Y PAPEL,SUPERMERCADO MONTSERRAT DE LAS CONDES,LAS CONDES 9350,-70.541363,-33.390363
,DIARIO Y PAPEL,SUPERMERCADO TOTTUS KENNEDY,PRESIDENTE KENNEDY 5601,-70.574881,-33.399951
,DIARIO Y PAPEL,SUPERMERCADOS JUMBO BILBAO,FRANCISCO BILBAO 4144,-70.57862,-33.431249
,DIARIO Y PAPEL,SUPERMERCADOS LIDER EXPRESS ESTORIL,LAS CONDES 10295,-70.534173,-33.384163
,DIARIO Y PAPEL,SUPERMERCADO LIDER EXPRESS LATADIA,AMERICO VESPUCIO SUR 1790,-70.574741,-33.428518
,DIARIO Y PAPEL,SUPERMERCADOS SANTA ISABEL,MANQUEHUE NORTE 457,-70.568897,-33.403881
,DIARIO Y PAPEL,SUPERMERCADOS UNIMARC,TOBALABA / APOQUINDO,-70.601569,-33.417982
,VIDRIO,PARROQUIA SAN PEDRO DE LAS CONDES,ISABEL LA CATOLICA 4360,-70.578015,-33.426614
,VIDRIO,PUNTO LIMPIO,FRANCISCO BILBAO / DUQUECO,-70.547487,-33.429561
,VIDRIO,PUNTO LIMPIO,FRANCISCO BULNES CORREA / CAMINO LAS FLORES,-70.517164,-33.395241
,VIDRIO,PUNTO LIMPIO,ALONSO DE CORDOVA / O`CONNELL,-70.568788,-33.407871
,VIDRIO,SUPERMERCADO JUMBO BILBAO,FRANCISCO BILBAO 4144,-70.57862,-33.431249
,VIDRIO,SUPERMERCADO LIDER EXPRESS ESTORIL,LAS CONDES 10295,-70.534173,-33.384163
,VIDRIO,SUPERMERCADO LIDER EXPRESS LATADIA,AMERICO VESPUCIO SUR 1790,-70.574741,-33.428518
,VIDRIO,SUPERMERCADO LIDER HIPER LOS DOMINICOS,CAMINO EL ALBA 11865,-70.515906,-33.401136
,VIDRIO,SUPERMERCADO SANTA ISABEL LAS CONDES,MANQUEHUE NORTE 457,-70.568897,-33.403881
,VIDRIO,SUPERMERCADO SANTA ISABEL LAS CONDES,APOQUINDO 7200,-70.554416,-33.408141
,VIDRIO,UNIVERSIDAD ANDRES BELLO CASONA DE LAS CONDES,FERNANDEZ CONCHA 700,-70.505228,-33.374905
,VIDRIO,VIA PUBLICA,CHESTERTON 8520,-70.545082,-33.396621
,VIDRIO,VIA PUBLICA,CAMINO EL ALBA / APOQUINDO,-70.545072,-33.407887
,VIDRIO,RESTAURANT GIRATORIO,11 DE SEPTIEMBRE 2250,-70.603957,-33.417597
,VIDRIO,VIA PUBLICA,TOBALABA / POCURO,-70.586638,-33.430083
,ENVASE DE TETRA PAK,SUPERMERCADO JUMBO BILBAO,FRANCISCO BILBAO 4144,-70.57862,-33.431249
,ENVASE DE TETRA PAK,SUPERMERCADO LIDER EXPRESS ESTORIL,LAS CONDES 10295,-70.534173,-33.384163
,ENVASE DE TETRA PAK,SUPERMERCADO LIDER EXPRESS LATADIA,AMERICO VESPUCIO SUR 1790,-70.574741,-33.428518
,ENVASE DE TETRA PAK,SUPERMERCADO LIDER EXPRESS TOMAS MORO,TOMAS MORO 1590,-70.552819,-33.414567
,ENVASE DE TETRA PAK,SUPERMERCADO LIDER HIPER LOS DOMINICOS,CAMINO EL ALBA 11865,-70.515906,-33.401136
,ENVASE DE TETRA PAK,SUPERMERCADO MONTSERRAT DE LAS CONDES,LAS CONDES 9350,-70.541363,-33.390363
,ENVASE DE TETRA PAK,SUPERMERCADO SANTA ISABEL LAS CONDES,LAS CONDES 12207,-70.518864,-33.373462
,ENVASE DE TETRA PAK,SUPERMERCADO SANTA ISABEL LAS CONDES,APOQUINDO 7200,-70.554416,-33.408141
,ENVASE DE TETRA PAK,SUPERMERCADO SANTA ISABEL LAS CONDES,MANQUEHUE NORTE 457,-70.568897,-33.403881
,BOTELLA DE PLASTICO PET NUM 1,PUNTO LIMPIO,ROTONDA ATENAS,-70.552917,-33.418188
,DIARIO Y PAPEL,PUNTO LIMPIO,ROTONDA ATENAS,-70.552917,-33.418188
,VIDRIO,PUNTO LIMPIO,ROTONDA ATENAS,-70.552917,-33.418188
,BOTELLA DE PLASTICO PET NUM 1,PUNTO LIMPIO,PARQUE ARAUCANO,-70.574869,-33.402948
,DIARIO Y PAPEL,PUNTO LIMPIO,PARQUE ARAUCANO,-70.574869,-33.402948
,VIDRIO,PUNTO LIMPIO,PARQUE ARAUCANO,-70.574869,-33.402948
,BOTELLA DE PLASTICO PET NUM 1,PUNTO LIMPIO,PARQUE LOS DOMINICOS,-70.544417,-33.408574
,DIARIO Y PAPEL,PUNTO LIMPIO,PARQUE LOS DOMINICOS,-70.544417,-33.408574
,BOTELLA DE PLASTICO PET NUM 1,PUNTO LIMPIO (PLAZA FILIPINAS),CANUMANQUI / ALONSO DE CAMARGO,-70.552499,-33.42239
,DIARIO Y PAPEL,PUNTO LIMPIO (PLAZA FILIPINAS),CANUMANQUI / ALONSO DE CAMARGO,-70.552499,-33.42239
,VIDRIO,PUNTO LIMPIO (PLAZA FILIPINAS),CANUMANQUI / ALONSO DE CAMARGO,-70.552499,-33.42239
,BOTELLA DE PLASTICO PET NUM 1,PUNTO LIMPIO,PARQUE MONTEGRANDE,-70.548996,-33.406916
,DIARIO Y PAPEL,PUNTO LIMPIO,PARQUE MONTEGRANDE,-70.548996,-33.406916
,VIDRIO,PUNTO LIMPIO,PARQUE MONTEGRANDE,-70.548996,-33.406916
,BOTELLA DE PLASTICO PET NUM 1,PUNTO LIMPIO,CAMINO DEL OBSERVATORIO,-70.536965,-33.404121
,DIARIO Y PAPEL,PUNTO LIMPIO,CAMINO DEL OBSERVATORIO,-70.536965,-33.404121
,VIDRIO,PUNTO LIMPIO,CAMINO DEL OBSERVATORIO,-70.536965,-33.404121
,BOTELLA DE PLASTICO PET NUM 1,SUPERMERCADO JUMBO LA REINA,FRANCISCO BILBAO 8750,-70.540759,-33.428675
,DIARIO Y PAPEL,SUPERMERCADO JUMBO LA REINA,FRANCISCO BILBAO 8750,-70.540759,-33.428675
,VIDRIO,SUPERMERCADO JUMBO LA REINA,FRANCISCO BILBAO 8750,-70.540759,-33.428675
,ENVASE DE TETRA PAK,SUPERMERCADO JUMBO LA REINA,FRANCISCO BILBAO 8750,-70.540759,-33.428675
,DIARIO Y PAPEL,PARROQUIA SANTO TORIBIO,LA CAPITANIA 473,-70.570273,-33.413663
,DIARIO Y PAPEL,SUPERMERCADO UNIMARC VESPUCIO,APOQUINDO 4335,-70.585575,-33.41512
,VIDRIO,CONDOMINIO,CRISTOBAL COLON 7000,-70.557331,-33.41768
,VIDRIO,SUPERMERCADO UNIMARC MANQUEHUE,MANQUEHUE SUR 1700,-70.563998,-33.426458
,VIDRIO,PUNTO LIMPIO,PARQUE LOS DOMINICOS,-70.544417,-33.408574
,VIDRIO,SUPERMERCADO SANTA ISABEL,APOQUINDO 7200,-70.554416,-33.408141
,VIDRIO,SUPERMERCADO LIDER EXPRESS TOMAS MORO,TOMAS MORO 1590,-70.552819,-33.414566
,ENVASE DE TETRA PAK,SUPERMERCADO UNIMARC,MANQUEHUE SUR 1700,-70.564011,-33.42645
,DIARIO Y PAPEL,SUPERMERCADO LIDER,TOMAS MORO 1590,-70.55282,-33.414512
,VIDRIO,MUNICIPALIDAD LO BARNECHEA,SAN ENRIQUE / PASTOR FERNANDEZ,-70.493221,-33.363825
,VIDRIO,SUPERMERCADO LIDER (MALL LA DEHESA),LA DEHESA / EL RODEO,-70.520695,-33.353015
,BOTELLA DE PLASTICO PET NUM 1,SUPERMERCADO LIDER EXPRESS LA DEHESA,EL RODEO 12850,-70.520696,-33.353016
,DIARIO Y PAPEL,SUPERMERCADOS LIDER HIPER PUENTE NUEVO,LAS CONDES 12916,-70.512657,-33.370976
,DIARIO Y PAPEL,PARROQUIA MARIA MADRE DE LA MISERICORDIA,CAMINO REAL 4334,-70.55419,-33.337763
,DIARIO Y PAPEL,PARROQUIA SAGRADA FAMILA LAS PATAGUAS,PARQUE LAS PATAGUAS 11450,-70.532941,-33.350361
,DIARIO Y PAPEL,PARROQUIA SANTA TERESA,BERNARDO LARRAIN COTAPOS 11785,-70.527842,-33.337427
,VIDRIO,SUPERMERCADO LIDER EXPRESS LA DEHESA,EL RODEO 12850,-70.520696,-33.353016
,ENVASE DE TETRA PAK,SUPERMERCADO LIDER HIPER PUENTE NUEVO,LAS CONDES 12916,-70.512657,-33.370973
,ENVASE DE TETRA PAK,SUPERMERCADO JUMBO LA DEHESA,LA DEHESA 1445,-70.51711,-33.358848
,ENVASE DE TETRA PAK,SUPERMERCADO LIDER EXPRESS LA DEHESA,EL RODEO 12850,-70.520696,-33.353016
,VIDRIO,VIA PUBLICA,SAN ENRIQUE / PASTOR FERNANDEZ,-70.493221,-33.363825
,VIDRIO,ESSO,CAMINO LOS TRAPENSES 3515,-70.544561,-33.344193
,VIDRIO,VIA PUBLICA,LO BARNECHEA / LOS PATOS,-70.506229,-33.358871
,VIDRIO,SUPERMERCADO LA ESTRELLA,MIRAFLORES 242,-70.782969,-33.734398
,ENVASE DE TETRA PAK,SUPERMERCADO SAN FRANCISCO BUIN,SAN MARTIN 174,-70.735511,-33.731384
,VIDRIO,SUPERMERCADO LA ESTRELLA,MANUEL RODRIGUEZ / ERRAZURIZ,-70.739351,-33.729234
,VIDRIO,SUPERMERCADO SANTA ISABEL CALERA DE TANGO,CALERA DE TANGO / LONQUEN NORTE,-70.798844,-33.623387
,VIDRIO,SUPERMERCADO LA MEJOR SOLUCION,CALERA DE TANGO 593,-70.764353,-33.629363
,VIDRIO,SUPERMERCADO LIDER,AMERICO VESPUCIO 2500,-70.708707,-33.517823
,VIDRIO,SUPERMERCADO LIDER,AMERICO VESPUCIO 2701,-70.708483,-33.518529
,VIDRIO,VIA PUBLICA,FELIX MARGOZ / GABRIELA MISTRAL,-70.710449,-33.492253
,VIDRIO,VIA PUBLICA,LO ERRAZURIZ / FARELLONES,-70.714508,-33.499535
,VIDRIO,VIA PUBLICA,EL MIRADOR 1380,-70.728645,-33.502483
,ENVASE DE TETRA PAK,SUPERMERCADO LIDER HIPER OESTE,AMERICO VESPUCIO 2500,-70.708707,-33.517823
,VIDRIO,VIA PUBLICA,BUZETA /AVDA 8,-70.69437,-33.482652
,VIDRIO,VIA PUBLICA  (ENTRE NUEVA 1 Y CARRIEL SUR),DIPUTADO ANGEL FANTUZZI / PATRICIO ACEVEDO,-70.702856,-33.515974
,VIDRIO,VIA PUBLICA,MANUTARA 3009,-70.705983,-33.511171
,VIDRIO,SUPERMERCADO TOTTUS PLAZA OESTE,AEROPUERTO S/N,-70.714031,-33.518539
,VIDRIO,LIDER PLAZA OESTE SUR,AMERICO VESPUCIO 2701,-70.708484,-33.51853
,VIDRIO,LIDER PLAZA OESTE NORTE,AMERICO VESPUCIO 2500,-70.708707,-33.517823
,BOTELLA DE PLASTICO PET NUM 1,LIDER PLAZA OESTE,AMERICO VESPUCIO 2500,-70.708707,-33.517823
,VIDRIO,BIG JOHN,GENERAL SAN MARTIN,-70.701781,-33.284882
,VIDRIO,VIA PUBLICA,GENERAL SAN MARTIN / FONTT,-70.675238,-33.203563
,ENVASE DE TETRA PAK,SUPERMERCADO MONTSERRAT DE COLINA - CENTRO,COLINA CENTRO (GENERAL SAN MARTIN),-70.676049,-33.204601
,VIDRIO,SUPERMERCADO MONTSERRAT DE COLINA - CENTRO,COLINA CENTRO (GENERAL SAN MARTIN),-70.676049,-33.204601
,VIDRIO,SUPERMERCADO LIDER EXPRESS PIEDRA ROJA,CHICUREO S/N SECTOR LAGUNA PR,-70.629963,-33.279446
,VIDRIO,POBLACION DOS UNIDAD VECINAL 9 (PLAZA),POBLACION DOS UNIDAD VECINAL 9 (PLAZA),-70.675014,-33.204536
,BOTELLA DE PLASTICO PET NUM 1,SUPERMERCADO LIDER VECINO INDEPENDENCIA,INDEPENDENCIA 4142,-70.674702,-33.391339
,BOTELLA DE PLASTICO PET NUM 1,SUPERMERCADO UNIMARC ZAPADORES,LOS ZAPADORES 1320,-70.664134,-33.386321
,VIDRIO,SUPERMERCADO MONTSERRAT DE CONCHALI,INDEPENDENCIA 3601,-70.671944,-33.39547
,VIDRIO,SUPERMERCADO SANTA ISABEL CONCHALI,CARDENAL JOSE MARIA CARO 1771,-70.681656,-33.373702
,VIDRIO,SUPERMERCADO UNIMARC ZAPADORES,LOS ZAPADORES 1320,-70.664134,-33.386321
,VIDRIO,VIA PUBLICA,INDEPENDENCIA / VECINAL,-70.679802,-33.385065
,VIDRIO,VIA PUBLICA,EL CORTIJO / 7 DE NOVIEMBRE,-70.688025,-33.378508
,VIDRIO,VIA PUBLICA,CARDENAL JOSE MARIA CARO / PUNTIAGUDO,-70.675109,-33.376726
,ENVASE DE TETRA PAK,SUPERMERCADO LIDER VECINO INDEPENDENCIA,INDEPENDENCIA 4142,-70.674702,-33.391339
,ENVASE DE TETRA PAK,SUPERMERCADO MONTSERRAT DE CONCHALI,INDEPENDENCIA 3601,-70.671944,-33.39547
,ENVASE DE TETRA PAK,SUPERMERCADO SANTA ISABEL CONCHALI,CARDENAL JOSE MARIA CARO 1771,-70.681656,-33.373702
,VIDRIO,VIA PUBLICA,JULIO MONTT SALAMANCA / FORESTAL,-70.691466,-33.366486
,DIARIO Y PAPEL,SUPERMERCADO SANTA ISABEL,GRAN AVENIDA JOSE MIGUEL CARRERA 9863,-70.671801,-33.549888
,VIDRIO,SUPERMERCADO MONTSERRAT,GRAN AVENIDA JOSE MIGUEL CARRERA 13125,-70.691325,-33.574976
,VIDRIO,SUPERMERCADO SANTA ISABEL,GRAN AVENIDA JOSE MIGUEL CARRERA 9863,-70.671787,-33.549873
,ENVASE DE TETRA PAK,SUPERMERCADO SANTA ISABEL,GRAN AVENIDA JOSE MIGUEL CARRERA 9863,-70.671801,-33.549873
,ENVASE DE TETRA PAK,SUPERMERCADO MONTSERRAT,GRAN AVENIDA JOSE MIGUEL CARRERA 13125,-70.691325,-33.574976
,DIARIO Y PAPEL,SUPERMERCADO MONTSERRAT,GRAN AVENIDA JOSE MIGUEL CARRERA 13125,-70.69133,-33.574978
,VIDRIO,SUPERMERCADO LIDER,LIBERTADOR BERNARDO O HIGGINS / GENERAL VELASQUEZ,-70.691227,-33.453312
,VIDRIO,SUPERMERCADO LIDER HIPER GRAL VELASQUEZ,GENERAL VELASQUEZ 60,-70.691232,-33.45331
,VIDRIO,SUPERMERCADO MONTSERRAT,LOS PAJARITOS 6950,-70.730031,-33.46764
,ENVASE DE TETRA PAK,SUPERMERCADO MONTSERRAT,LOS PAJARITOS 6950,-70.730031,-33.46764
,DIARIO Y PAPEL,CONDOMINIO PLAZA AZUL DE HUECHURABA,SANTA MARTA DE HUECHURABA 6950,-70.677592,-33.354218
,DIARIO Y PAPEL,EDIFICIO VANGUARDIA,DEL VALLE 869,-70.613788,-33.389555
,DIARIO Y PAPEL,PROPIEDADES PALACIO RIESCO,DEL PARQUE 4928,-70.616977,-33.389135
,ENVASE DE TETRA PAK,SUPERMERCADO LIDER HUECHURABA (MALL PLAZA NORTE),AMERICO VESPUCIO 1737,-70.677857,-33.368306
,BOTELLA DE PLASTICO PET NUM 1,SUPERMERCADO SANTA ISABEL HUECHURABA,PEDRO FONTOVA 7789,-70.669946,-33.346655
,DIARIO Y PAPEL,CONDOMINIO CLUB ALTOS DEL CARMEN,PEDRO FONTOVA 7789,-70.670397,-33.347897
,DIARIO Y PAPEL,PROPIEDADES PALACIO RIESCO,DEL VALLE 945,-70.617175,-33.388186
,DIARIO Y PAPEL,BOSQUES SANTIAGO,CAMINO LA PIRAMIDE,-70.612993,-33.376319
,VIDRIO,SUPERMERCADO TOTTUS HUECHURABA,PEDRO FONTOVA 5810,-70.67055,-33.358935
,ENVASE DE TETRA PAK,SUPERMERCADO TOTTUS HUECHURABA,PEDRO FONTOVA 5810,-70.67055,-33.358935
,VIDRIO,SUPERMERCADO SANTA ISABEL HUECHURABA,PEDRO FONTOVA 7789,-70.669949,-33.346655
,VIDRIO,CONDOMINIO,GUANACO NORTE 1752,-70.680172,-33.351414
,DIARIO Y PAPEL,PROPIEDADES PALACIO RIESCO,DEL VALLE 937,-70.61578,-33.388229
,DIARIO Y PAPEL,CONJUNTO HABITACIONAL LA HACIENDA DE HUECHURABA,GUANACO NORTE 1752,-70.680172,-33.351413
,VIDRIO,PLAZA,ENRIQUE SORO / SALOMON SACK,-70.672457,-33.418851
,VIDRIO,FACULTAD MEDICINA UNIVERSIDAD DE CHILE,INDEPENDENCIA 1027,-70.656015,-33.418989
,VIDRIO,SUPERMERCADO ECONOMAX CENTRO COMERCIAL VIVACETA,FERMIN VIVACETA 957,-70.663289,-33.420006
,ENVASE DE TETRA PAK,SUPERMERCADO SANTA ISABEL VIVACETA,FERMIN VIVACETA 957,-70.663289,-33.420006
,VIDRIO,SUPERMERCADO MONTSERRAT DE PLAZA CHACABUCO,INDEPENDENCIA 2127,-70.660639,-33.406893
,ENVASE DE TETRA PAK,SUPERMERCADO MONTSERRAT DE PLAZA CHACABUCO,INDEPENDENCIA 2127,-70.660639,-33.406893
,VIDRIO,SUPERMERCADO UNIMARC JUAN A RIOS,SALOMON SACK 351,-70.670182,-33.419789
,VIDRIO,ENTRE LAS CANAS Y NUEVA 5,PADRE FAUSTINO GAZZIERO ALT. 2350,-70.674712,-33.411609
,BOTELLA DE PLASTICO PET NUM 1,SUPERMERCADO SANTA ISABEL LA CISTERNA,GRAN AVENIDA JOSE MIGUEL CARRERA 6610,-70.658854,-33.517955
,VIDRIO,PLAZA LO OVALLE (P-18),GRAN AVENIDA JOSE MIGUEL CARRERA PAR.18,-70.658349,-33.515502
,VIDRIO,CASA CONSISTORIAL (MUNICIPALIDAD),GRAN AVENIDA JOSE MIGUEL CARRERA 8585,-70.663591,-33.533884
,VIDRIO,PLAZA MARIA EUGENIA (FRENTE TUCUMAN),PLAZA MARIA EUGENIA (FRENTE TUCUMAN),-70.677247,-33.536503
,VIDRIO,SUPERMERCADO SANTA ISABEL LA CISTERNA,GRAN AVENIDA JOSE MIGUEL CARRERA 6610,-70.658854,-33.517955
,VIDRIO,SUPERMERCADO LIDER VECINO LOS MORROS,RIQUELME 69,-70.667254,-33.546086
,BOTELLA DE PLASTICO PET NUM 1,SUPERMERCADO LIDER VECINO LOS MORROS,RIQUELME 69,-70.667254,-33.546086
,VIDRIO,MUNICIPALIDAD DE LA CISTERNA,GRAN AVENIDA JOSE MIGUEL CARRERA / PEDRO AGUIRRE CERDA,-70.663591,-33.533884
,VIDRIO,SUPERMERCADO PUERTO CRISTO,SAN JOSE DE LA ESTRELLA / SANTA RAQUEL,-70.601906,-33.553892
,VIDRIO,SUPERMERCADO SANTA ISABEL,LA FLORIDA / ENRIQUE OLIVARES,-70.571961,-33.539715
,VIDRIO,SUPERMERCADO MONSERRAT,AMERICO VESPUCIO / WALKER MARTINEZ,-70.598972,-33.523692
,BOTELLA DE PLASTICO PET NUM 1,SUPERMERCADO LIDER HIPER SANTA AMALIA,SANTA AMALIA 1763,-70.565054,-33.543547
,BOTELLA DE PLASTICO PET NUM 1,SUPERMERCADO SANTA ISABEL LA FLORIDA,LA FLORIDA 9385,-70.571961,-33.539716
,DIARIO Y PAPEL,SUPERMERCADOS LIDER HIPER SANTA AMALIA,SANTA AMALIA 1763,-70.565054,-33.543547
,VIDRIO,SUPERMERCADO LIDER HIPER SANTA AMALIA,SANTA AMALIA 1763,-70.565054,-33.543547
,VIDRIO,SUPERMERCADO MONTSERRAT VESPUCIO LA FLORIDA,AMERICO VESPUCIO 7500,-70.598971,-33.523692
,VIDRIO,SUPERMERCADO PUERTO CRISTO,SAN JOSE DE LA ESTRELLA / SANTA RAQUEL,-70.601906,-33.553892
,VIDRIO,SUPERMERCADO RIBEIRO LOCAL 19,VICUNA MACKENNA 9090,-70.591462,-33.53943
,VIDRIO,SUPERMERCADO SANTA ISABEL LA FLORIDA,LA FLORIDA 9385,-70.571961,-33.539716
,VIDRIO,SUPERMERCADO TOTTUS LA FLORIDA,AMERICO VESPUCIO 7310,-70.594929,-33.518475
,VIDRIO,SUPERMERCADO UNIMARC CORDILLERA,ROJAS MAGALLANES 1856,-70.570902,-33.535438
,VIDRIO,VIA PUBLICA,FROILAN ROA / EL MEMBRILLAR,-70.600128,-33.514439
,VIDRIO,VIA PUBLICA,WALKER MARTINEZ / DIAG STA. IRENE,-70.569415,-33.522295
,VIDRIO,VIA PUBLICA,SANTA INES / ALICAHUE,-70.561778,-33.542105
,VIDRIO,VIA PUBLICA,ROJAS MAGALLANES / COLOMBIA,-70.5849,-33.535846
,VIDRIO,VIA PUBLICA,GENERAL ARRIAGADA / VICUÑA MACKENNA,-70.586063,-33.557178
,VIDRIO,VIA PUBLICA,COLOMBIA 10544,-70.577225,-33.553754
,VIDRIO,VIA PUBLICA,WALKER MARTINEZ / SANTA DELIA,-70.575796,-33.522431
,VIDRIO,VIA PUBLICA,GERONIMO DE ALDERETE / RAYEN,-70.579098,-33.527709
,VIDRIO,VIA PUBLICA,VICUNA MACKENNA / SANTA AMALIA,-70.589369,-33.543397
,VIDRIO,VIA PUBLICA,WALKER MARTINEZ / OLGOLMO,-70.563155,-33.522289
,ENVASE DE TETRA PAK,SUPERMERCADO LIDER HIPER SANTA AMALIA,SANTA AMALIA 1763,-70.565054,-33.543547
,ENVASE DE TETRA PAK,SUPERMERCADO MONTSERRAT VESPUCIO LA FLORIDA,AMERICO VESPUCIO 7500,-70.598972,-33.523692
,ENVASE DE TETRA PAK,SUPERMERCADO RIBEIRO LOCAL 19,VICUNA MACKENNA 9090,-70.591462,-33.53943
,ENVASE DE TETRA PAK,SUPERMERCADO SANTA ISABEL LA FLORIDA,LA FLORIDA 9385,-70.571961,-33.539716
,ENVASE DE TETRA PAK,SUPERMERCADO SANTA ISABEL LA FLORIDA,WALKER MARTINEZ 1786,-70.579203,-33.52226
,ENVASE DE TETRA PAK,SUPERMERCADO SANTA ISABEL LA FLORIDA,VICUNA MACKENNA 11145,-70.58572,-33.560132
,VIDRIO,SUPERMERCADO LIDER HIPER VICUNA MACKENNA,VICUNA MACKENNA 7196,-70.60041,-33.520787
,ENVASE DE TETRA PAK,SUPERMERCADO LIDER HIPER VICUNA MACKENNA,VICUNA MACKENNA 7196,-70.60041,-33.520787
,VIDRIO,SUPERMERCADO RIBEIRO,VICUNA MACKENNA 9090,-70.591459,-33.539432
,VIDRIO,SUPERMERCADO DACARLA,GENERAL ARRIAGADA 1090,-70.599471,-33.558482
,VIDRIO,SUPERMERCADO LIDER EXPRESS ROJAS MAGALLANES,SANCHEZ FONTECILLA / ROJAS MAGALLANES,-70.55429,-33.535605
,VIDRIO,SUPERMERCADO LIDER HIPER VICUNA MACKENNA,VICUNA MACKENNA / SAN CARLOS DE ANCUD,-70.600414,-33.520788
,VIDRIO,VIA PUBLICA,JARDIN ALTO / MARCELA PAZ,-70.560545,-33.527439
,VIDRIO,VIA PUBLICA,JARDIN ALTO / SANTA TERESA,-70.557222,-33.53671
,VIDRIO,PARROQUIA SAN JOSE,GERONIMO DE ALDERETE / CURTIDURIA,-70.561491,-33.52646
,VIDRIO,SUPERMERCADO LIDER HIPER DEPARTAMENTAL,AMERICO VESPUCIO 6325,-70.590955,-33.511806
,ENVASE DE TETRA PAK,SUPERMERCADO LIDER HIPER DEPARTAMENTAL,AMERICO VESPUCIO 6325,-70.590955,-33.511806
,ENVASE DE TETRA PAK,SUPERMERCADO JUMBO LA FLORIDA,VICUNA MACKENNA 6100,-70.61165,-33.508554
,VIDRIO,SUPERMERCADO JUMBO LA FLORIDA,VICUNA MACKENNA 6100,-70.61165,-33.508554
,BOTELLA DE PLASTICO PET NUM 1,SUPERMERCADO LIDER HIPER VICUNA MACKENNA,VICUNA MACKENNA 7196,-70.600414,-33.520788
,BOTELLA DE PLASTICO PET NUM 1,SUPERMERCADO LIDER HIPER DEPARTAMENTAL,AMERICO VESPUCIO 6325,-70.590941,-33.511793
,DIARIO Y PAPEL,SUPERMERCADO LIDER HIPER DEPARTAMENTAL,AMERICO VESPUCIO 6325,-70.590966,-33.511749
,VIDRIO,SUPERMERCADO SANTA ISABEL P-25,VICUNA MACKENNA PAR.25,-70.585703,-33.560124
,VIDRIO,SUPERMERCADO LIDER EXPRESS ROJAS MAGALLANES,SANCHEZ FONTECILLA / ROJAS MAGALLANES,-70.55429,-33.535605
,VIDRIO,SUPERMERCADO UNIMARC EXPRESS,SANTA ROSA 8002,-70.634739,-33.533038
,VIDRIO,MUNICIPALIDAD DE LA GRANJA,AMERICO VESPUCIO 2,-70.630782,-33.543103
,VIDRIO,PARQUE BRASIL,MANIO 6410,-70.615933,-33.516319
,ENVASE DE TETRA PAK,SUPERMERCADO SANTA ISABEL,SANTA ROSA 7668,-70.635528,-33.52823
,VIDRIO,SUPERMERCADO SANTA ISABEL,SANTA ROSA / ELIAS FERNANDEZ ALBANO,-70.635522,-33.528232
,VIDRIO,SUPERMERCADO ECONOMAX (P-20),SANTA ROSA PAR.20,-70.635445,-33.528865
,VIDRIO,SUPERMERCADO SANTA ISABEL,LOS PENSAMIENTOS 10260,-70.619398,-33.550912
,VIDRIO,SUPERMERCADO SANTA ISABEL,JOAQUIN EDWARDS BELLO 10670,-70.623628,-33.558102
,VIDRIO,SUPERMERCADO UNIMARC (P-23),SANTA ROSA 8002,-70.634737,-33.533039
,VIDRIO,VIA PUBLICA,EL PARQUE,-70.630943,-33.551053
,VIDRIO,POBLACION POETA NERUDA (ENTRE P-27 Y P-28),SANTA ROSA PAR. 27-28,-70.632556,-33.548382
,BOTELLA DE PLASTICO PET NUM 1,VILLA LA PINTANA,LOS PALTOS 2460,-70.639129,-33.617996
,BOTELLA DE PLASTICO PET NUM 1,DIRECCION DE GESTION AMBIENTAL MUNICIPAL,SANTA ROSA 13345,-70.629278,-33.587916
,BOTELLA DE PLASTICO PET NUM 1,MUNICIPALIDAD DE LA PINTANA,SANTA ROSA 12975,-70.629157,-33.585284
,ENVASE DE TETRA PAK,SUPERMERCADO SANTA ISABEL LA PINTANA,SANTA ROSA 13015,-70.629192,-33.586243
,VIDRIO,SUPERMERCADO UNIMARC,PRINCIPE DE GALES / MATEO DE TORO Y ZAMBRANO,-70.556162,-33.439252
,VIDRIO,SUPERMERCADO SANTA ISABEL,LARRAIN / TOBALABA,-70.560795,-33.452564
,BOTELLA DE PLASTICO PET NUM 1,PLAZA LA REINA,ONOFRE JARPA / LEONARDO MURIALDO,-70.532566,-33.439766
,BOTELLA DE PLASTICO PET NUM 1,PLAZA LAS CAMPANAS,TOBALABA / LEONARDO DA VINCI,-70.553599,-33.459986
,BOTELLA DE PLASTICO PET NUM 1,SUPERMERCADO LIDER HIPER LA REINA,JORGE ALESSANDRI 1131,-70.547474,-33.462691
,BOTELLA DE PLASTICO PET NUM 1,VIA PUBLICA,PRINCIPE DE GALES / MATEO DE TORO Y ZAMBRANO,-70.556162,-33.439252
,BOTELLA DE PLASTICO PET NUM 1,VIA PUBLICA,LARRAIN 8600,-70.543533,-33.45106
,BOTELLA DE PLASTICO PET NUM 1,VIA PUBLICA,LARRAIN 9980,-70.528896,-33.452512
,DIARIO Y PAPEL,PARROQUIA SANTA RITA,LARRAIN 7376,-70.551532,-33.451154
,DIARIO Y PAPEL,PUNTO VERDE,NUEVA LARRAIN 8624,-70.542346,-33.450673
,DIARIO Y PAPEL,SUPERMERCADOS SANTA ISABEL LA REINA,LARRAIN 6677,-70.560808,-33.452552
,VIDRIO,SUPERMERCADO LIDER HIPER LA REINA,JORGE ALESSANDRI 1131,-70.547474,-33.462691
,VIDRIO,SUPERMERCADO SANTA ISABEL LA REINA,LARRAIN 6677,-70.560808,-33.452552
,BOTELLA DE PLASTICO PET NUM 1,PUNTO VERDE,PLAZA OSSANDON FRENTE A LA 16 COMISARIA,-70.544237,-33.441774
,DIARIO Y PAPEL,PARROQUIA SAN CARLOS BORRONEO,LA CAÑADA 7001,-70.559917,-33.441578
,DIARIO Y PAPEL,ACADEMIA DE GUERRA,VALENZUELA LLANOS 623,-70.536621,-33.444905
,BOTELLA DE PLASTICO PET NUM 1,PUNTO VERDE (PLAZA SANTIAGO BUERAS),ECHENIQUE / LORELEY,-70.565285,-33.444185
,DIARIO Y PAPEL,PUNTO VERDE (PLAZA SANTIAGO BUERAS),ECHENIQUE / LORELEY,-70.565285,-33.444185
,DIARIO Y PAPEL,PUNTO VERDE,PRINCIPE DE GALES 7271,-70.556663,-33.438925
,DIARIO Y PAPEL,PUNTO VERDE,PLAZA OSSANDON,-70.544237,-33.441774
,BOTELLA DE PLASTICO PET NUM 1,PUNTO VERDE,CARLOS OSSANDON / PRINCIPE DE GALES,-70.543237,-33.440489
,DIARIO Y PAPEL,PUNTO VERDE,CARLOS OSSANDON / PRINCIPE DE GALES,-70.543237,-33.440489
,VIDRIO,SUPERMERCADO LIDER HIPER LA REINA,JORGE ALESSANDRI 1131,-70.547476,-33.462674
,VIDRIO,SUPERMERCADO  SANTA ISABEL,MANQUEHUE / CERRO EL PLOMO,-70.570215,-33.404202
,VIDRIO,SUPERMERCADO LIDER EXPRESS,AMERICO VESPUCIO SUR 1790,-70.574741,-33.428518
,VIDRIO,SUPERMERCADO UNIMARC,MANQUEHUE SUR / LATADIA,-70.564013,-33.42645
,VIDRIO,SUPERMERCADO LIDER,TOMAS MORO / FLORENCIO BARRIOS,-70.553665,-33.423232
,ENVASE DE TETRA PAK,SUPERMERCADO SANTA ISABEL DE LO BARNECHEA,CAMINO LOS TRAPENSES 3515,-70.544561,-33.344193
,DIARIO Y PAPEL,SUPERMERCADO LIDER EXPRESS LA DEHESA,EL RODEO 12850,-70.520696,-33.353016
,DIARIO Y PAPEL,PASEO LOS TRAPENSES,CAMINO LOS TRAPENSES 3515,-70.544561,-33.344193
,DIARIO Y PAPEL,SUPERMERCADO JUMBO LA DEHESA,LA DEHESA 1445,-70.51711,-33.358848
,VIDRIO,BOMBEROS,ASTABURUAGA / CENTENARIO,-70.694423,-33.533831
,VIDRIO,CONSULTORIO,CENTRAL / AMERICO VESPUCIO,-70.698292,-33.523159
,VIDRIO,SUPERMERCADO UNIMARC JOSE MARIA CARO,BUENAVENTURA / CENTRAL CARDENAL SILVA HENRIQUEZ,-70.68956,-33.50717
,VIDRIO,SUPERMERCADO ECONOMAX,ECUADOR 5455,-70.71098,-33.457685
,VIDRIO,VIA PUBLICA,SAN PABLO / LAS TORRES,-70.730929,-33.444608
,VIDRIO,VIA PUBLICA,SAN PABLO / TENIENTE CRUZ,-70.740529,-33.444657
,VIDRIO,SUPERMERCADO PUERTO CRISTO,SAN PABLO 6702,-70.730929,-33.444591
,VIDRIO,VIA PUBLICA (FRENTE SEDE SOCIAL),LA COMUNA ALT. 5445,-70.710006,-33.447879
,VIDRIO,SUPERMERCADO PANOTECA,SAN PABLO 8315,-70.740602,-33.444589
,VIDRIO,CARNES ESCUDERO,MACUL 4115,-70.599867,-33.491626
,VIDRIO,FRENTE A PANIFICADORA,LAS CODORNICES / FROILAN ROA,-70.601165,-33.504366
,VIDRIO,PANADERIA QUILIN,EL LIBANO / QUILIN,-70.58983,-33.486275
,VIDRIO,PANIFICADORA,LOS PLATANOS / CASTILLO URIZAR,-70.609697,-33.482495
,VIDRIO,VIA PUBLICA,EL LIBANO / DOCTOR AMADOR NEGHME RODRIGUEZ,-70.592519,-33.499231
,VIDRIO,VIA PUBLICA,JORGE QUEVEDO / ALONSO LENG,-70.610443,-33.506164
,VIDRIO,VIA PUBLICA,NICOMEDES GUZMAN /JORGE QUEVEDO,-70.612148,-33.506441
,VIDRIO,VIA PUBLICA,SAN VICENTE DE PAUL / CAMPO LINDO,-70.58869,-33.496217
,VIDRIO,PARADERO DE BUSES,ESCUELA AGRICOLA / PEDRO DE VALDIVIA,-70.606352,-33.490553
,VIDRIO,VIA PUBLICA,LOS INDUSTRIALES / PEDRO DE VALDIVIA,-70.606283,-33.486727
,VIDRIO,BAR CASANOVA,QUILIN / MACUL,-70.599406,-33.485171
,ENVASE DE TETRA PAK,SUPERMERCADO LIDER HIPER MACUL,MACUL 2127,-70.598833,-33.474133
,DIARIO Y PAPEL,SUPERMERCADO LIDER HIPER MACUL,MACUL 2127,-70.598833,-33.474133
,VIDRIO,SUPERMERCADO LIDER HIPER MACUL,MACUL 2127,-70.598833,-33.474133
,VIDRIO,VIA PUBLICA,LAS MADRESELVAS / RAMON CRUZ,-70.585323,-33.485345
,VIDRIO,VIA PUBLICA,VICENTE HUIDOBRO / LUIS VALENZUELA,-70.593869,-33.489885
,BOTELLA DE PLASTICO PET NUM 1,SUPERMERCADO JUMBO LA FLORIDA,VICUNA MACKENNA 6100,-70.611649,-33.508546
,BOTELLA DE PLASTICO PET NUM 1,SUPERMERCADO LIDER HIPER MACUL,MACUL 2127,-70.598821,-33.474093
,VIDRIO,SUPERMERCADO JUMBO,AMERICO VESPUCIO / EL DESCANSO,-70.760968,-33.469623
,VIDRIO,SUPERMERCADO LIDER,AMERICO VESPUCIO / EL DESCANSO,-70.760968,-33.469623
,VIDRIO,TEMPLO VOTIVO DE MAIPU,5 DE ABRIL / EL CARMEN,-70.763066,-33.510716
,VIDRIO,SUPERMERCADO UNIMARC (ESTACIONAMIENTOS),LOS PAJARITOS / PORTALES,-70.757309,-33.516181
,VIDRIO,SUPERMERCADO  LIDER,3 PONIENTE / ALCALDE ALBERTO KRUMM,-70.777864,-33.527278
,VIDRIO,SUPERMERCADO  EXONO,EL OLIMPO / GRECIA,-70.775425,-33.512891
,VIDRIO,SUPERMERCADO SANTA ISABEL,LOS PAJARITOS / LAS PARCELAS,-70.741548,-33.476871
,BOTELLA DE PLASTICO PET NUM 1,SUPERMERCADO LIDER HIPER AV CENTRAL,LOS PAJARITOS 2689,-70.757159,-33.503004
,BOTELLA DE PLASTICO PET NUM 1,SUPERMERCADO LIDER HIPER MAIPU,LOS PAJARITOS 4500,-70.744634,-33.480763
,BOTELLA DE PLASTICO PET NUM 1,SUPERMERCADO JUMBO MALL ARAUCO MAIPU,AMERICO VESPUCIO 399,-70.753132,-33.482719
,BOTELLA DE PLASTICO PET NUM 1,SUPERMERCADO JUMBO PAJARITOS,LOS PAJARITOS 3302,-70.757538,-33.496235
,BOTELLA DE PLASTICO PET NUM 1,SUPERMERCADO UNIMARC MAIPU,ALFREDO SILVA CARVALLO 1414,-70.774852,-33.531663
,DIARIO Y PAPEL,SUPERMERCADOS JUMBO PAJARITOS,LOS PAJARITOS 3302,-70.757538,-33.496235
,VIDRIO,VIA PUBLICA,5 DE ABRIL / LOS TILOS,-70.730433,-33.510079
,VIDRIO,MALL ARAUCO MAIPU,AMERICO VESPUCIO 399,-70.753132,-33.482719
,VIDRIO,SUPERMERCADO JUMBO MALL ARAUCO MAIPU,AMERICO VESPUCIO 399,-70.753132,-33.482719
,VIDRIO,SUPERMERCADO JUMBO PAJARITOS,LOS PAJARITOS 3302,-70.757538,-33.496235
,VIDRIO,SUPERMERCADO LIDER HIPER MAIPU,LOS PAJARITOS 4500,-70.744634,-33.480763
,VIDRIO,SUPERMERCADO LIDER HIPER AV CENTRAL,LOS PAJARITOS 2689,-70.757159,-33.503004
,VIDRIO,SUPERMERCADO LIDER TRES PONIENTE,3 PONIENTE 900,-70.77794,-33.51988
,VIDRIO,SUPERMERCADO MONTSERRAT DE MAIPU,ALFREDO SILVA CARVALLO 1401,-70.774798,-33.531496
,VIDRIO,SUPERMERCADO RIBEIRO LOCAL 2 NORTE,2 NORTE 1373,-70.740225,-33.500993
,VIDRIO,SUPERMERCADO SANTA ISABEL  (PLAZA MAIPU),5 DE ABRIL 216,-70.760071,-33.51074
,VIDRIO,SUPERMERCADO UNIMARC MAIPU II,ALFREDO SILVA CARVALLO 1414,-70.774852,-33.531663
,VIDRIO,VIA PUBLICA,LAS GOLONDRINAS / ALASKA,-70.738301,-33.490774
,VIDRIO,VIA PUBLICA,PRIMERA TRANSVERSAL / RAFAEL RIESCO,-70.751462,-33.496723
,VIDRIO,VIA PUBLICA,PRIMERA TRANSVERSAL / 1 SUR,-70.7527,-33.505483
,VIDRIO,VIA PUBLICA,SEGUNDA TRANSVERSAL / CENTRAL GONZALO PEREZ LLONA,-70.745241,-33.5009
,DIARIO Y PAPEL,PARROQUIA JESUS NAZARENO,MANUEL MONTT 797,-70.616618,-33.435287
,DIARIO Y PAPEL,PARROQUIA NUESTRA SEÑORA DIVINA PROVIDENCIA,PROVIDENCIA 1619,-70.615634,-33.426402
,DIARIO Y PAPEL,PARROQUIA SAGRADA FAMILIA,LOS MISIONEROS 2176,-70.615317,-33.416325
,DIARIO Y PAPEL,PARROQUIA SAN CRESCENTE,SALVADOR 1363,-70.623014,-33.445808
,DIARIO Y PAPEL,PARROQUIA SAN FRANCISCO DE SALES,SANTA ISABEL 1277,-70.614281,-33.446953
,DIARIO Y PAPEL,PARROQUIA SAN RAMON,LOS LEONES 123,-70.605599,-33.421061
,DIARIO Y PAPEL,PARROQUIA SANTA BERNARDITA,EL AGUILUCHO 3369,-70.596335,-33.442995
,DIARIO Y PAPEL,PARROQUIA SANTOS ANGELES CUSTODIOS,RODOLFO VERGARA 252,-70.630128,-33.436617
,DIARIO Y PAPEL,UNIDAD VECINAL PROVIDENCIA SECTOR 3,CARLOS ANTUNEZ 1835,-70.614279,-33.426743
,VIDRIO,VIA PUBLICA,ARZOBISPO FUENZALIDA MARTINEZ / DIEGO DE ALMAGRO,-70.598712,-33.441425
,VIDRIO,VIA PUBLICA,ANTONIO VARAS / FRANCISCO BILBAO,-70.613761,-33.439071
,VIDRIO,VIA PUBLICA,ARZOBISPO FUENZALIDA MARTINEZ / DOCTOR PEDRO LAUTARO FERRER,-70.598272,-33.444302
,VIDRIO,VIA PUBLICA,CLEMENTE FABRES / JULIO PRADO,-70.621941,-33.442959
,VIDRIO,VIA PUBLICA,LOS CONQUISTADORES / PADRE LETELIER,-70.613474,-33.417377
,VIDRIO,VIA PUBLICA,MANUEL MONTT / ARTURO CLARO,-70.615068,-33.441618
,VIDRIO,VIA PUBLICA,MONTE CARMELO / BELLAVISTA,-70.627958,-33.430647
,VIDRIO,VIA PUBLICA,RANCAGUA / ITALIA,-70.626874,-33.440267
,VIDRIO,SUPERMERCADO LA BANDERA AZUL,FRANCISCO BILBAO 2050,-70.606506,-33.438098
,VIDRIO,SUPERMERCADO LIDER EXPRESS PEDRO DE VALDIVIA,PEDRO DE VALDIVIA 1885,-70.607196,-33.440058
,VIDRIO,SUPERMERCADO LIDER EXPRESS PLAZA ITALIA,RANCAGUA 180,-70.630233,-33.440869
,VIDRIO,SUPERMERCADO LIDER EXPRESS TOBALABA,LAS CAMELIAS 2875,-70.598036,-33.422907
,VIDRIO,SUPERMERCADO SANTA ISABEL PROVIDENCIA,FRANCISCO BILBAO 2855,-70.591592,-33.435679
,VIDRIO,VIA PUBLICA,EL AGUILUCHO 3440,-70.5956,-33.442743
,VIDRIO,VIA PUBLICA,ELIODORO YANEZ 2946,-70.592295,-33.427097
,VIDRIO,VIA PUBLICA,CARLOS ANTUNES 1836,-70.61407,-33.426695
,VIDRIO,VIA PUBLICA,VICUNA MACKENNA / SANTA ISABEL,-70.632289,-33.447413
,VIDRIO,VIA PUBLICA,DARDINAC / PIO NONO,-70.635815,-33.433376
,VIDRIO,VIA PUBLICA,PIO NONO / SANTA FILOMENA,-70.63622,-33.43089
,ENVASE DE TETRA PAK,SUPERMERCADO BANDERA AZUL,FRANCISCO BILBAO 2050,-70.606506,-33.438098
,ENVASE DE TETRA PAK,SUPERMERCADO LIDER EXPRESS PEDRO DE VALDIVIA,PEDRO DE VALDIVIA 1885,-70.607196,-33.440058
,ENVASE DE TETRA PAK,SUPERMERCADO LIDER EXPRESS TOBALABA,LAS CAMELIAS 2875,-70.598036,-33.422907
,ENVASE DE TETRA PAK,SUPERMERCADO SANTA ISABEL PROVIDENCIA,FRANCISCO BILBAO 2855,-70.591592,-33.435679
,DIARIO Y PAPEL,HOSPITAL DEL TRABAJADOR,GENERAL MACKENNA 200,-70.633511,-33.443313
,VIDRIO,VIA PUBLICA,ANTONIA LOPEZ DE BELLO / PLAZA CAMILO MORI,-70.63531,-33.431912
,VIDRIO,HOTEL SHERATON,SANTA MARIA 1742,-70.620656,-33.422518
,VIDRIO,ACADEMIA R LAGOS,DOCTOR LUIS MIDDLETON 1666,-70.615272,-33.42723
,VIDRIO,VIA PUBLICA,GENERAL DEL CANTO ALT. 200,-70.617351,-33.43077
,DIARIO Y PAPEL,COMUNIDAD CONJUNTO EL SOL,QUINE 7364,-70.739717,-33.463678
,VIDRIO,JUNTA DE VECINOS,OCEANIA 553,-70.754713,-33.454334
,VIDRIO,VIA PUBLICA,CORONEL RAMON FREIRE / EL OLIMPO,-70.775494,-33.510164
,VIDRIO,VIA PUBLICA,EL OLIMPO / PORTALES,-70.775352,-33.518083
,VIDRIO,VIA PUBLICA,ALFREDO SILVA CARVALLO / MONTE PALOMAR,-70.771486,-33.52951
,VIDRIO,VIA PUBLICA,LA SINFONIA / LA REFORMA,-70.767786,-33.490045
,VIDRIO,VIA PUBLICA,EGIPTO / LAS INDUSTRIAS,-70.773379,-33.544437
,ENVASE DE TETRA PAK,SUPERMERCADO JUMBO MAIPU,AMERICO VESPUCIO 1001,-70.743154,-33.5
,ENVASE DE TETRA PAK,SUPERMERCADO JUMBO PAJARITOS,LOS PAJARITOS 3302,-70.757538,-33.496235
,ENVASE DE TETRA PAK,SUPERMERCADO LIDER HIPER AV CENTRAL,LOS PAJARITOS 2689,-70.757159,-33.503004
,ENVASE DE TETRA PAK,SUPERMERCADO LIDER HIPER MAIPU,LOS PAJARITOS 4500,-70.744634,-33.480763
,ENVASE DE TETRA PAK,SUPERMERCADO MONTSERRAT DE MAIPU,ALFREDO SILVA CARVALLO 1401,-70.774798,-33.531496
,ENVASE DE TETRA PAK,SUPERMERCADO RIBEIRO LOCAL 2 NORTE,2 NORTE 1373,-70.740225,-33.500993
,ENVASE DE TETRA PAK,SUPERMERCADO UNIMARC MAIPU II,ALFREDO SILVA CARVALLO 1414,-70.774852,-33.531663
,BOTELLA DE PLASTICO PET NUM 1,SUPERMERCADO LIDER HIPER VESPUCIO MAIPU,AMERICO VESPUCIO 1955,-70.758339,-33.471896
,VIDRIO,VIA PUBLICA,NUEVA SAN MARTIN / SANTA ELENA,-70.762931,-33.525421
,VIDRIO,VIA PUBLICA,LA GALAXIA / NUEVA SAN MARTIN,-70.794365,-33.524873
,VIDRIO,VIA PUBLICA,EL ARROYO ALT. 1780,-70.78041,-33.564642
,VIDRIO,IGLESIA,CAMINO LA FARFANA / EL ROSAL,-70.774723,-33.489241
,ENVASE DE TETRA PAK,SUPERMERCADO LIDER EXPRESS MAIPU,CORONEL RAMON FREIRE 1790,-70.774872,-33.510109
,ENVASE DE TETRA PAK,SUPERMERCADO SANTA ISABEL MAIPU,PARQUE CENTRAL PONIENTE 1040,-70.78665,-33.560365
,VIDRIO,SUPERMERCADO LIDER HIPER VESPUCIO MAIPU,AMERICO VESPUCIO 1955,-70.758339,-33.471896
,ENVASE DE TETRA PAK,SUPERMERCADO LIDER HIPER VESPUCIO MAIPU,AMERICO VESPUCIO 1955,-70.758339,-33.471896
,VIDRIO,SUPERMERCADO LIDER HIPER AV CENTRAL,LOS PAJARITOS 2689,-70.757159,-33.503003
,VIDRIO,MERCADO MUNICIPAL DE MAIPU,5 DE ABRIL ALT. 80,-70.758121,-33.510782
,VIDRIO,SUPERMERCADO SANTA ISABEL,LOS PAJARITOS 4909,-70.741548,-33.476871
,ENVASE DE TETRA PAK,SUPERMERCADO SANTA ISABEL,LOS PAJARITOS 4909,-70.741548,-33.476871
,BOTELLA DE PLASTICO PET NUM 1,SUPERMERCADO LIDER EXPRESS MAIPU,CORONEL RAMON FREIRE 1790,-70.774872,-33.510109
,VIDRIO,SUPERMERCADO LIDER,GRECIA / SANTA EMMA,-70.62634,-33.455986
,VIDRIO,SUPERMERCADO LIDER EXPRESS PLAZA EGAÑA,IRARRAZAVAL 5353,-70.575523,-33.454069
,VIDRIO,SUPERMERCADO UNIMARC,IRARRAZAVAL 4600,-70.58203,-33.454584
,BOTELLA DE PLASTICO PET NUM 1,SUPEMERCADO LIDER EXPRESS GRECIA,GRECIA 245,-70.62634,-33.455986
,BOTELLA DE PLASTICO PET NUM 1,SUPEMERCADO LIDER HIPER IRARRAZAVAL,IRARRAZAVAL 2928,-70.600621,-33.454439
,BOTELLA DE PLASTICO PET NUM 1,SUPEMERCADO LIDER HIPER VESPUCIO SUR,AMERICO VESPUCIO SUR 881,-70.573697,-33.461567
,DIARIO Y PAPEL,COMUNIDAD AUGUSTO VILLANUEVA,AUGUSTO VILLANUEVA 235,-70.58803,-33.45324
,DIARIO Y PAPEL,PARROQUIA NUESTRA SEÑORA DE LA PAZ,ECHENIQUE 4243,-70.586548,-33.44649
,DIARIO Y PAPEL,PARROQUIA NUESTRA SEÑORA DE LUJAN,COLO COLO 829,-70.622775,-33.451935
,DIARIO Y PAPEL,PARROQUIA SANTA MARTA,CELERINO PEREIRA 1690,-70.576985,-33.438579
,DIARIO Y PAPEL,SUPERMERCADOS LIDER EXPRESS GRECIA,GRECIA 245,-70.62634,-33.455986
,DIARIO Y PAPEL,SUPERMERCADO LIDER EXPRESS PLAZA EGAÑA,IRARRAZAVAL 5353,-70.575526,-33.454068
,VIDRIO,SUPERMERCADO LIDER EXPRESS GRECIA,GRECIA 245,-70.62634,-33.455986
,VIDRIO,SUPERMERCADO LIDER EXPRESS PLAZA EGAÑA,IRARRAZAVAL 5353,-70.575526,-33.454068
,VIDRIO,SUPERMERCADO LIDER HIPER IRARRAZAVAL,IRARRAZAVAL 2928,-70.600621,-33.454439
,VIDRIO,SUPERMERCADO LIDER HIPER VESPUCIO SUR,AMERICO VESPUCIO SUR 881,-70.573697,-33.461567
,VIDRIO,SUPERMERCADO MONTSERRAT,IRARRAZAVAL 1510,-70.615328,-33.453168
,VIDRIO,SUPERMERCADO TORERO,GRECIA 4847,-70.580337,-33.46794
,VIDRIO,SUPERMERCADO UNIMARC,IRARRAZAVAL 4600,-70.582031,-33.454582
,VIDRIO,VIA PUBLICA,JOSE DOMINGO CANAS,-70.618142,-33.455809
,VIDRIO,VIA PUBLICA,LO ENCALADA / CARLOS DITTBORN,-70.622108,-33.466505
,VIDRIO,VIA PUBLICA,LOS JAZMINES / CALLE 8,-70.618283,-33.467148
,VIDRIO,VIA PUBLICA,EMILIA TELLEZ / BREMEN,-70.579022,-33.442322
,VIDRIO,VIA PUBLICA,PEDRO DE VALDIVIA / ZANARTU,-70.606468,-33.472061
,VIDRIO,VIA PUBLICA,CAPITAN IGNACIO CARRERA PINTO / SANTA JULIA,-70.590545,-33.471256
,VIDRIO,VIA PUBLICA,SIMON BOLIVAR / COVENTRY,-70.581399,-33.449112
,VIDRIO,VIA PUBLICA,LOS 3 ANTONIOS / GRECIA,-70.604115,-33.462842
,VIDRIO,,ELIECER PARADA / JORGE MATTE,-70.587031,-33.4392
,ENVASE DE TETRA PAK,SUPERMERCADO LIDER EXPRESS GRECIA,GRECIA 245,-70.62634,-33.455986
,ENVASE DE TETRA PAK,SUPERMERCADO LIDER EXPRESS PLAZA EGAÑA,IRARRAZAVAL 5353,-70.575526,-33.454068
,ENVASE DE TETRA PAK,SUPERMERCADO LIDER HIPER IRARRAZAVAL,IRARRAZAVAL 2928,-70.600621,-33.454439
,ENVASE DE TETRA PAK,SUPERMERCADO LIDER HIPER VESPUCIO SUR,AMERICO VESPUCIO SUR 881,-70.573697,-33.461567
,ENVASE DE TETRA PAK,SUPERMERCADO MONTSERRAT DE ÑUÑOA,IRARRAZAVAL 1489,-70.615328,-33.453166
,ENVASE DE TETRA PAK,SUPERMERCADO SANTA ISABEL,JOSE PEDRO ALESSANDRI 1132,-70.59824,-33.464951
,DIARIO Y PAPEL,LABORATORIO CHILE,MARATHON 1315,-70.615105,-33.465398
,VIDRIO,VILLA LOS PRESIDENTES,QUILLAGUA 3858,-70.592473,-33.468023
,VIDRIO,SUPERMERCADO SANTA ISABEL,JOSE PEDRO ALESSANDRI 1132,-70.59824,-33.464951
,VIDRIO,SUPERMERCADO SANTA ISABEL,JOSE PEDRO ALESSANDRI 1132,-70.59824,-33.464951
,VIDRIO,RESTAURANT LA CARRETA,CAMINO MELIPILLA KM 21,-70.806467,-33.562241
,VIDRIO,PARRILLADAS ARGENTINAS,CAMINO A MELIPILLA,-70.817512,-33.57115
,VIDRIO,SUPERMERCADO MONTSERRAT (CENTRO PAINE),GENERAL BAQUEDANO,-70.74288,-33.813585
,VIDRIO,SUPERMERCADO FERNANDEZ,QUIAPO 3055,-70.675856,-33.480202
,VIDRIO,SUPERMERCADO SANTA ISABEL PEDRO AGUIRRE CERDA,ALCALDE CARLOS VALDOVINOS 2020,-70.663186,-33.478888
,VIDRIO,VIA PUBLICA,LA MARINA / SAN NICOLAS,-70.667307,-33.493741
,ENVASE DE TETRA PAK,SUPERMERCADO SANTA ISABEL PEDRO AGUIRRE CERDA,ALCALDE CARLOS VALDOVINOS 2020,-70.663186,-33.478888
,VIDRIO,VIA PUBLICA,CENTRAL NINO GARCIA / 3 SUR,-70.679179,-33.479925
,VIDRIO,EX PLAZA MALLOCO,MIRAFLORES 1577,-70.867353,-33.600022
,VIDRIO,FRENTE YPF,VICUNA MACKENNA / 21 DE MAYO,-70.902038,-33.611136
,VIDRIO,SUPERMERCADO LASCAR,21 DE MAYO 4827,-70.899674,-33.608172
,VIDRIO,SUPERMERCADO SAN FRANCISCO,ALCALDE LUIS ARAYA CERECEDA 1045,-70.898906,-33.606471
,VIDRIO,VIA PUBLICA,FRANCISCO BILBAO / 21 DE MAYO,-70.878167,-33.605971
,VIDRIO,FRENTE CONSULTORIO,VICUNA MACKENNA / LAS MAÑANAS,-70.868888,-33.610432
,ENVASE DE TETRA PAK,SUPERMERCADO SAN FRANCISCO,ALCALDE LUIS ARAYA CERECEDA 1045,-70.898906,-33.606471
,ENVASE DE TETRA PAK,SUPERMERCADO MONTSERRAT DE PENAFLOR,BALMACEDA 503,-70.857996,-33.610234
,VIDRIO,SUPERMERCADO SANTA ISABEL PEÑALOLEN,TOBALABA 13949,-70.561286,-33.503492
,VIDRIO,SUPERMERCADO SANTA ISABEL PEÑALOLEN,GRECIA 5791,-70.574689,-33.469743
,DIARIO Y PAPEL,SUPERMERCADO LIDER HIPER QUILIN,AMERICO VESPUCIO 3100,-70.578901,-33.485136
,DIARIO Y PAPEL,EMPRESA DISAL SA,LAS TORRES 6108,-70.567737,-33.503842
,DIARIO Y PAPEL,EJERCITO DE CHILE,LAS PERDICES 700,-70.530173,-33.467784
,VIDRIO,VIA PUBLICA,GRECIA / FRONTERA,-70.571585,-33.470289
,VIDRIO,SUPERMERCADO SANTA ISABEL PEÑALOLEN,GRECIA 5791,-70.574692,-33.469742
,VIDRIO,SUPERMERCADO SANTA ISABEL PEÑALOLEN,TOBALABA 13949,-70.561284,-33.503491
,VIDRIO,VIA PUBLICA,LAS TORRES 5490,-70.579696,-33.501494
,ENVASE DE TETRA PAK,SUPERMERCADO MONTSERRAT,GRECIA 8585,-70.540365,-33.476272
,ENVASE DE TETRA PAK,SUPERMERCADO SANTA ISABEL PEÑALOLEN,GRECIA 5791,-70.574692,-33.469742
,ENVASE DE TETRA PAK,SUPERMERCADO SANTA ISABEL PEÑALOLEN,TOBALABA 13949,-70.561288,-33.503491
,BOTELLA DE PLASTICO PET NUM 1,SUPERMERCADO JUMBO PEÑALOLEN,MARIANO SANCHEZ FONTECILLA 12000,-70.557539,-33.487107
,DIARIO Y PAPEL,SUPERMERCADO JUMBO PEÑALOLEN,MARIANO SANCHEZ FONTECILLA 12000,-70.557539,-33.487107
,VIDRIO,SUPERMERCADO JUMBO PEÑALOLEN,MARIANO SANCHEZ FONTECILLA 12000,-70.557539,-33.487107
,ENVASE DE TETRA PAK,SUPERMERCADO JUMBO PEÑALOLEN,MARIANO SANCHEZ FONTECILLA 12000,-70.557539,-33.487107
,VIDRIO,VIA PUBLICA,EL VALLE / CARACAS,-70.56582,-33.47802
,VIDRIO,VIA PUBLICA,CENTRAL / CORDILLERA,-70.58312,-33.503175
,VIDRIO,SUPERMERCADO MONTSERRAT (FRENTE MUNICIPIO),GRECIA 8585,-70.540365,-33.476271
,VIDRIO,SUPERMERCADO JUMBO PEÑALOLEN,MARIANO SANCHEZ FONTECILLA 12000,-70.557539,-33.487107
,VIDRIO,SUPERMERCADO LIDER HIPER QUILIN,AMERICO VESPUCIO 3100,-70.578901,-33.485136
,BOTELLA DE PLASTICO PET NUM 1,SUPERMERCADO LIDER HIPER QUILIN,AMERICO VESPUCIO 3100,-70.578901,-33.485136
,ENVASE DE TETRA PAK,SUPERMERCADO LIDER HIPER QUILIN,AMERICO VESPUCIO 3100,-70.578901,-33.485136
,VIDRIO,SUPERMERCADO LIDER HIPER QUILIN,AMERICO VESPUCIO 3100,-70.578901,-33.485136
,BOTELLA DE PLASTICO PET NUM 1,SUPERMERCADO LIDER PEÑALOLEN (EXPRESS CONSISTORIAL),CONSISTORIAL 3349,-70.54976,-33.487832
,BOTELLA DE PLASTICO PET NUM 1,VIA PUBLICA,RAMON SUBERCASEAUX / SANTA RITA,-70.544751,-33.624746
,BOTELLA DE PLASTICO PET NUM 1,COLEGIO SANTA MARIA DE PIRQUE,ALCALDE HERNAN PRIETO 911,-70.585549,-33.663563
,BOTELLA DE PLASTICO PET NUM 1,POSTA EL PRINCIPAL,ALAMEDA EL PRINCIPAL,-70.553494,-33.72036
,BOTELLA DE PLASTICO PET NUM 1,RESTAURANT LA VAQUITA ECHA,RAMON SUBERCASEAUX 3355,-70.50885,-33.613888
,BOTELLA DE PLASTICO PET NUM 1,FRENTE MUNICIPALIDAD DE PIRQUE,CONCHA Y TORO 2548,-70.573404,-33.634909
,BOTELLA DE PLASTICO PET NUM 1,ESCUELA LO ARCAYA,CAMINO PUBLICO S/N,-70.57676,-33.688327
,BOTELLA DE PLASTICO PET NUM 1,PLAZA PIRQUE (FRENTE VINA CONCHA Y TORO),CONCHA Y TORO,-70.573316,-33.635098
,BOTELLA DE PLASTICO PET NUM 1,FRENTE ESCUELA SAN JUAN,RAMON SUBERCASEAUX 9811,-70.48251,-33.606797
,BOTELLA DE PLASTICO PET NUM 1,LADO SUPERMERCADO MAULE,PUNTILLA,-70.495544,-33.610732
,BOTELLA DE PLASTICO PET NUM 1,VIA PUBLICA,ALCALDE HERNAN PRIETO / LOS 4 SILOS,-70.586909,-33.652798
,VIDRIO,COSTADO MUNICIPALIDAD LADO SHELL,CONCHA Y TORO,-70.573294,-33.63486
,VIDRIO,FARMACIA LIDER,VIRGINIA SUBERCASEAUX,-70.579849,-33.638157
,BOTELLA DE PLASTICO PET NUM 1,VIA PUBLICA,LOS CORRALES,-70.554776,-33.730932
,DIARIO Y PAPEL,COMUNIDAD ALEJANDRO I,LUIS THAYER OJEDA 300,-70.601557,-33.421189
,DIARIO Y PAPEL,COMUNIDAD EDIFICIO LAS ORQUIDEAS,LAS ORQUIDEAS 877,-70.594518,-33.42446
,DIARIO Y PAPEL,COMUNIDAD EDIFICIO PLAZA LAS DALIAS,LAS DALIAS 2555,-70.599273,-33.430993
,DIARIO Y PAPEL,COMUNIDAD LYON,RICARDO LYON 1280,-70.605545,-33.432869
,DIARIO Y PAPEL,CONDOMINIO ANTONIO VARAS,ANTONIO VARAS 1400,-70.613379,-33.439934
,DIARIO Y PAPEL,CONDOMINIO CARMEN SILVA,CARMEN SILVA 2315,-70.605851,-33.425627
,DIARIO Y PAPEL,CONDOMINIO EL VERGEL,EL VERGEL 2488,-70.600588,-33.432052
,DIARIO Y PAPEL,CONDOMINIO ESCUELA DE TELECOMUNICACIONES,ESCUELA DE TELECOMUNICACIONES 1207,-70.613021,-33.437667
,DIARIO Y PAPEL,CONDOMINIO LOS ROBLES,LUIS THAYER OJEDA 133,-70.604012,-33.417842
,DIARIO Y PAPEL,CONDOMINIO REGIMIENTO CAZADORES,REGIMIENTO CAZADORES 1268,-70.611067,-33.438336
,DIARIO Y PAPEL,EDIFICIO LA RESIDENCIA,HERNANDO DE AGUIRRE 720,-70.599212,-33.424227
,DIARIO Y PAPEL,HOTELERA EUROTEL,GUARDIA VIEJA 285,-70.609995,-33.424785
,VIDRIO,UNIDAD VECINAL,RIO ATRATO 8448,-70.743988,-33.434924
,VIDRIO,PLAZA PIEDRA CALLADA,PLAZA PIEDRA CALLADA,-70.735728,-33.461154
,VIDRIO,VIA PUBLICA,VALLE GENEROSO,-70.760176,-33.45114
,VIDRIO,SUPERMERCADO SANTA ISABEL PUDAHUEL SUR,ISLA PORTEZUELO 615,-70.763112,-33.451684
,VIDRIO,SUPERMERCADO SANTA ISABEL,LA FLORIDA / JOSE MIGUEL CARRERA,-70.56692,-33.549637
,VIDRIO,SUPERMERCADO LIDER,NONATO COO / EL PEÑON,-70.569126,-33.580071
,VIDRIO,CENTRO PUENTE ALTO,JOSE LUIS COO / SANTA ELENA,-70.573298,-33.60884
,BOTELLA DE PLASTICO PET NUM 1,SUPERMERCADO SANTA ISABEL LA FLORIDA,LA FLORIDA 10149,-70.566919,-33.549637
,BOTELLA DE PLASTICO PET NUM 1,SUPERMERCADO LIDER HIPER PUENTE ALTO,CONCHA Y TORO 1149,-70.57794,-33.597946
,VIDRIO,SUPERMERCADO SANTA ISABEL LA FLORIDA,LA FLORIDA 10149,-70.566919,-33.549637
,VIDRIO,SUPERMERCADO LIDER EXPRESS NONATO COO,NONATO COO 3108,-70.569671,-33.578428
,VIDRIO,SUPERMERCADO LIDER HIPER PUENTE ALTO,CONCHA Y TORO 1149,-70.57794,-33.597946
,VIDRIO,SUPERMERCADO MONTSERRAT PLAZA DE PUENTE ALTO,BALMACEDA 354,-70.575546,-33.60785
,VIDRIO,SUPERMERCADO RIBEIRO LOCAL 28,CONCHA Y TORO 3854,-70.583496,-33.572344
,VIDRIO,SUPERMERCADO RIBEIRO LOCAL 32,CONCHA Y TORO 3193,-70.581406,-33.580409
,VIDRIO,SUPERMERCADO SAN FRANCISCO PUENTE ALTO,EYZAGUIRRE 715,-70.584778,-33.61328
,VIDRIO,SUPERMERCADO TOTTUS,CONCHA Y TORO 1477,-70.57914,-33.593748
,ENVASE DE TETRA PAK,SUPERMERCADO LIDER HIPER CORDILLERA,LOS TOROS 5441,-70.557205,-33.566498
,ENVASE DE TETRA PAK,SUPERMERCADO MONTSERRAT,GABRIELA 2710,-70.595416,-33.58114
,ENVASE DE TETRA PAK,SUPERMERCADO SANTA ISABEL PUENTE ALTO,CONCHA Y TORO 1036,-70.57781,-33.601221
,VIDRIO,SUPERMERCADO TOTTUS PUENTE ALTO,CONCHA Y TORO 1477,-70.579142,-33.593754
,VIDRIO,SUPERMERCADO LIDER HIPER PUENTE ALTO,CONCHA Y TORO 1149,-70.577942,-33.597946
,VIDRIO,SUPERMERCADO RIBEIRO,CONCHA Y TORO 3193,-70.581494,-33.580458
,VIDRIO,SUPERMERCADO LIDER (MALL PLAZA TOBALABA),CAMILO HENRIQUEZ 3296,-70.553236,-33.576986
,VIDRIO,SUPERMERCADO MONTSERRAT,CAMILO HENRIQUEZ / GABRIELA,-70.55601,-33.574655
,VIDRIO,SUPERMERCADO MONTSERRAT EL PEÑON DE PUENTE ALTO,MEXICO 1915,-70.559852,-33.593411
,VIDRIO,CONDOMINIO,TRONCAL SAN FRANCISCO 2146,-70.55614,-33.589337
,VIDRIO,SUPERMERCADO PUERTO CRISTO,EYZAGUIRRE 3208,-70.540036,-33.611738
,VIDRIO,SUPERMERCADO MONTSERRAT (P-37),CAMILO HENRIQUEZ / GABRIELA,-70.55601,-33.574655
,VIDRIO,SUPERMERCADO LIDER HIPER CORDILLERA,LOS TOROS 5441,-70.557209,-33.566494
,BOTELLA DE PLASTICO PET NUM 1,SUPERMERCADO LIDER HIPER CORDILLERA,LOS TOROS 5441,-70.557209,-33.566494
,ENVASE DE TETRA PAK,SUPERMERCADO MONTSERRAT VICUÑA MACKENNA P-27 1/2,VICUNA MACKENNA 12321,-70.584568,-33.565952
,VIDRIO,SUPERMERCADO MONTSERRAT P-27,VICUNA MACKENNA 12321,-70.584569,-33.56595
,VIDRIO,SUPERMERCADO MONTSERRAT,VICUNA MACKENNA 12321,-70.584569,-33.56595
,BOTELLA DE PLASTICO PET NUM 1,SUPERMERCADO SANTA ISABEL QUILICURA,MANUEL ANTONIO MATTA 437,-70.747864,-33.36248
,VIDRIO,VIA PUBLICA,DEL TRIGAL / ROMERAL,-70.730751,-33.350732
,VIDRIO,VIA PUBLICA,LO CAMPINO / LAS PARCELAS,-70.713324,-33.367536
,VIDRIO,VIA PUBLICA,LO MARCOLETA / PARQUE CENTRAL ORIENTE,-70.742288,-33.359306
,VIDRIO,VIA PUBLICA,LO MARCOLETA / LO CRUZAT,-70.72071,-33.35745
,VIDRIO,VIA PUBLICA,LO OVALLE / LO MARCOLETA,-70.73383,-33.35786
,VIDRIO,VIA PUBLICA,LOS EUROPEOS / LOS GEORGIANOS,-70.720278,-33.360114
,VIDRIO,VIA PUBLICA,MANUEL ANTONIO MATTA / PEDRO LIRA,-70.723028,-33.366413
,VIDRIO,VIA PUBLICA,MANUEL ANTONIO MATTA / SAN ENRIQUE,-70.744094,-33.361853
,VIDRIO,VIA PUBLICA,SEPTIMO DE LINEA / LOS EUROPEOS,-70.713895,-33.361266
,VIDRIO,SUPERMERCADO MONTSERRAT DE QUILICURA,JOSE FRANCISCO VERGARA 159,-70.734714,-33.367088
,ENVASE DE TETRA PAK,SUPERMERCADO SANTA ISABEL QUILICURA,MANUEL ANTONIO MATTA 437,-70.747864,-33.36248
,BOTELLA DE PLASTICO PET NUM 1,SUPERMERCADO LIDER HIPER QUILICURA,LIBERTADOR BERNARDO O`HIGGINS 314,-70.729037,-33.355885
,VIDRIO,SUPERMERCADO LIDER HIPER QUILICURA,LIBERTADOR BERNARDO O`HIGGINS 314,-70.729037,-33.355885
,ENVASE DE TETRA PAK,SUPERMERCADO LIDER HIPER QUILICURA,LIBERTADOR BERNARDO O`HIGGINS 314,-70.729037,-33.355885
,VIDRIO,VIA PUBLICA,SANTA LAURA / BRASILIA,-70.750123,-33.353829
,VIDRIO,SUPERMERCADO RIBEIRO LO CAMPINO,LO CAMPINO 1640,-70.717644,-33.378471
,ENVASE DE TETRA PAK,SUPERMERCADO RIBEIRO LO CAMPINO,LO CAMPINO 1640,-70.717644,-33.378471
,ENVASE DE TETRA PAK,SUPERMERCADO MONTSERRAT DE QUINTA NORMAL,JOAQUIN WALKER MARTINEZ 1650,-70.692142,-33.43028
,ENVASE DE TETRA PAK,SUPERMERCADO SANTA ISABEL,SAN PABLO 4870,-70.701829,-33.440143
,BOTELLA DE PLASTICO PET NUM 1,SUPERMERCADO SANTA ISABEL CONCHALI,DORSAL 1201,-70.657587,-33.395727
,BOTELLA DE PLASTICO PET NUM 1,SUPERMERCADO LIDER HIPER RECOLETA,RECOLETA 3501,-70.642471,-33.393892
,DIARIO Y PAPEL,SUPERMERCADOS SANTA ISABEL CONCHALI,DORSAL 1201,-70.657587,-33.395727
,DIARIO Y PAPEL,CONDOMINIO CUMBRES DEL SAN CRISTOBAL,SANTOS DUMONT 29,-70.639413,-33.423008
,DIARIO Y PAPEL,CONDOMINIO ZAPADORES,LOS ZAPADORES 407,-70.624683,-33.397836
,VIDRIO,SUPERMERCADO SANTA ISABEL CONCHALI,DORSAL 1201,-70.657587,-33.395727
,VIDRIO,SUPERMERCADO UNIMARC GUANACO,EL GUANACO 4480,-70.657805,-33.379006
,VIDRIO,VIA PUBLICA,RECOLETA / LOS ZAPADORES,-70.642415,-33.391
,VIDRIO,SUPERMERCADO RIBEIRO EL SALTO,EL SALTO 2506,-70.632028,-33.403811
,ENVASE DE TETRA PAK,SUPERMERCADO SANTA ISABEL CONCHALI,DORSAL 1201,-70.657587,-33.395727
,ENVASE DE TETRA PAK,SUPERMERCADO LIDER HIPER RECOLETA,RECOLETA 3501,-70.642471,-33.393892
,VIDRIO,SUPERMERCADO MONTSERRAT BALMACEDA DE RENCA,JOSE MANUEL BALMACEDA 4569,-70.714522,-33.402051
,VIDRIO,SUPERMERCADO MONTSERRAT PLAZA DE RENCA,DOMINGO SANTA MARIA 4112,-70.70464,-33.405203
,VIDRIO,SUPERMERCADO SANTA ISABEL RENCA,DOMINGO SANTA MARIA 3962,-70.701975,-33.406299
,ENVASE DE TETRA PAK,SUPERMERCADO MONTSERRAT PLAZA DE RENCA,DOMINGO SANTA MARIA 4112,-70.70464,-33.405203
,ENVASE DE TETRA PAK,SUPERMERCADO SANTA ISABEL RENCA,DOMINGO SANTA MARIA 3962,-70.701975,-33.406299
,DIARIO Y PAPEL,SUPERMERCADO LIDER HIPER SAN BERNARDO,SAN JOSE 69,-70.698051,-33.597511
,VIDRIO,VIA PUBLICA,AMERICA / BALMACEDA,-70.706258,-33.584825
,VIDRIO,VIA PUBLICA,FRESIA / HUELEN,-70.70855,-33.638879
,VIDRIO,VIA PUBLICA,LAS ACACIAS / EL NOCEDAL,-70.713345,-33.558622
,VIDRIO,SUPERMERCADO LIDER HIPER SAN BERNARDO,SAN JOSE 69,-70.698051,-33.597511
,VIDRIO,SUPERMERCADO MONTSERRAT DE SAN BERNARDO,COVADONGA 225,-70.701896,-33.595158
,VIDRIO,SUPERMERCADO SAN FRANCISCO SAN BERNARDO ESTACION,ARTURO PRAT 117,-70.699024,-33.594168
,ENVASE DE TETRA PAK,SUPERMERCADO LIDER HIPER SAN BERNARDO,SAN JOSE 69,-70.698051,-33.597511
,VIDRIO,FRENTE COLEGIO SUPERIOR DEL MAIPO,ARTURO DAGNINO 131,-70.695799,-33.598572
,VIDRIO,VIA PUBLICA,EYZAGUIRRE / MAIPU,-70.71158,-33.600707
,VIDRIO,GOBERNACION,FREIRE 493,-70.704004,-33.592841
,VIDRIO,FRENTE ESCUELA ABRAHAM LINCOLN,CENTRAL 65,-70.709375,-33.584963
,VIDRIO,VIA PUBLICA,LOMAS DE MIRASUR,-70.714199,-33.622781
,VIDRIO,FRENTE ESTACION DEL METROTREN,MAESTRANZA (FRENTE ESTACION METRO-TREN),-70.697341,-33.605824
,ENVASE DE TETRA PAK,SUPERMERCADO SAN FRANCISCO SAN BERNARDO PLAZA,LIBERTADOR BERNARDO O`HIGGINS 528,-70.704113,-33.591619
,ENVASE DE TETRA PAK,SUPERMERCADO SAN FRANCISCO,ARTURO PRAT 117,-70.699024,-33.594168
,VIDRIO,VIA PUBLICA,SANTA ELENA / PINTOR CICARELLI,-70.625658,-33.475192
,VIDRIO,VIA PUBLICA,VARAS MENA 337,-70.631092,-33.512503
,DIARIO Y PAPEL,SUPERMERCADO JUMBO EL LLANO,LLANO SUBERCASEAUX 3519,-70.651011,-33.486753
,ENVASE DE TETRA PAK,SUPERMERCADO JUMBO EL LLANO,LLANO SUBERCASEAUX 3519,-70.651011,-33.486753
,BOTELLA DE PLASTICO PET NUM 1,MALL GRAN AVENIDA,GRAN AVENIDA JOSE MIGUEL CARRERA 6150,-70.657524,-33.51287
,BOTELLA DE PLASTICO PET NUM 1,SUPERMERCADO LIDER EXPRESS GRAN AVENIDA,GRAN AVENIDA JOSE MIGUEL CARRERA 4004,-70.650458,-33.490839
,BOTELLA DE PLASTICO PET NUM 1,SUPERMERCADO UNIMARC GRAN AVENIDA,GRAN AVENIDA JOSE MIGUEL CARRERA 5485,-70.655209,-33.503765
,DIARIO Y PAPEL,SUPERMERCADO LIDER EXPRESS GRAN AVENIDA,GRAN AVENIDA JOSE MIGUEL CARRERA 4004,-70.650458,-33.490839
,DIARIO Y PAPEL,SUPERMERCADO LIDER HIPER GRAN AVENIDA,GRAN AVENIDA JOSE MIGUEL CARRERA 6150,-70.657524,-33.51287
,ENVASE DE TETRA PAK,SUPERMERCADO LIDER EXPRESS GRAN AVENIDA,GRAN AVENIDA JOSE MIGUEL CARRERA 4004,-70.650458,-33.490839
,VIDRIO,SUPERMERCADO LIDER EXPRESS GRAN AVENIDA,GRAN AVENIDA JOSE MIGUEL CARRERA 4004,-70.650458,-33.490839
,ENVASE DE TETRA PAK,SUPERMERCADO UNIMARC GRAN AVENIDA,GRAN AVENIDA JOSE MIGUEL CARRERA 5485,-70.655209,-33.503765
,ENVASE DE TETRA PAK,SUPERMERCADO LIDER HIPER GRAN AVENIDA,GRAN AVENIDA JOSE MIGUEL CARRERA 6150,-70.657524,-33.51287
,VIDRIO,SUPERMERCADO LIDER HIPER GRAN AVENIDA,GRAN AVENIDA JOSE MIGUEL CARRERA 6150,-70.657524,-33.51287
,VIDRIO,SUPERMERCADO JUMBO EL LLANO,LLANO SUBERCASEAUX 3519,-70.651009,-33.486749
,VIDRIO,SUPERMERCADO LIDER EXPRESS GRAN AVENIDA,GRAN AVENIDA JOSE MIGUEL CARRERA 4004,-70.650458,-33.490839
,VIDRIO,SUPERMERCADO LIDER VECINO,SANTA ROSA 9233,-70.633998,-33.545166
,BOTELLA DE PLASTICO PET NUM 1,SUPERMERCADO LIDER HIPER SANTA ROSA,SANTA ROSA 9233,-70.633998,-33.545166
,VIDRIO,SUPERMERCADO LIDER HIPER SANTA ROSA,SANTA ROSA 9233,-70.633998,-33.545166
,ENVASE DE TETRA PAK,SUPERMERCADO LIDER HIPER SANTA ROSA,SANTA ROSA 9233,-70.633998,-33.545166
,VIDRIO,SUPERMERCADO SANTA ISABEL,SANTA ROSA / FRANKLIN,-70.642096,-33.472911
,BOTELLA DE PLASTICO PET NUM 1,FRENTE UNIVERSIDAD ALBERTO HURTADO,GENERAL JOFRE / MANUEL ANTONIO TOCORNAL,-70.641359,-33.446229
,BOTELLA DE PLASTICO PET NUM 1,PLAZA SANTA ANA,CATEDRAL / SAN MARTIN,-70.658243,-33.438117
,BOTELLA DE PLASTICO PET NUM 1,PLAZA YUNGAY,STO DOMINGO 2706,-70.673601,-33.438088
,BOTELLA DE PLASTICO PET NUM 1,VIA PUBLICA,CAUTIN / YUNGAY,-70.670365,-33.429724
,BOTELLA DE PLASTICO PET NUM 1,ZONA DE RECICLAJE,MAPOCHO / LIBERTAD,-70.674912,-33.432502
,BOTELLA DE PLASTICO PET NUM 1,ZONA DE RECICLAJE (PLAZA ARAUCO),FRANCISCO PIZARRO / SEPULVEDA LEYTON,-70.670258,-33.469399
,BOTELLA DE PLASTICO PET NUM 1,ZONA DE RECICLAJE (PLAZA BOGOTA),LIRA / SARGENTO ALDEA,-70.633651,-33.466848
,BOTELLA DE PLASTICO PET NUM 1,ZONA DE RECICLAJE (PLAZA BRASIL),HUERFANOS / BRASIL,-70.665024,-33.441064
,BOTELLA DE PLASTICO PET NUM 1,ZONA DE RECICLAJE (PLAZA PANAMA),MATURANA / MARTINEZ DE ROZAS,-70.668285,-33.434216
,BOTELLA DE PLASTICO PET NUM 1,ZONA DE RECICLAJE (PLAZA YARUR),PEDRO MONTT / FLORENCIO BAHAMONDES,-70.667909,-33.473892
,DIARIO Y PAPEL,COMITE ABELARDO BELLASARTES,STO DOMINGO 576,-70.645501,-33.435645
,DIARIO Y PAPEL,COMUNIDAD AV MATTA,MANUEL ANTONIO MATTA 1143,-70.649821,-33.459479
,DIARIO Y PAPEL,COMUNIDAD BARROS ARANA,BARROS ARANA 1437,-70.664359,-33.46634
,DIARIO Y PAPEL,COMUNIDAD BULNES,GENERAL BULNES 723,-70.671152,-33.432576
,DIARIO Y PAPEL,COMUNIDAD CATEDRAL,CATEDRAL 2482,-70.671359,-33.439544
,DIARIO Y PAPEL,COMUNIDAD EDIFICIO DON BERNARDO,LIBERTADOR BERNARDO O HIGGINS 2601,-70.671328,-33.448595
,DIARIO Y PAPEL,COMUNIDAD EDIFICIO GRAL JOFRE,GENERAL JOFRE 330,-70.637637,-33.445503
,DIARIO Y PAPEL,COMUNIDAD EDIFICIO JARDIN SEÑORIAL,EJERCITO LIBERTADOR 520,-70.660148,-33.45333
,DIARIO Y PAPEL,COMUNIDAD EDIFICIO PARQUE LOS HEROES,ALMIRANTE BARROSO 87,-70.661692,-33.443407
,DIARIO Y PAPEL,COMUNIDAD EDIFICIO TORRE 12,BARON PIERRE DE COUBERTIN 77,-70.635879,-33.440546
,DIARIO Y PAPEL,COMUNIDAD EDIFCIO PORVENIR,PORVENIR 630,-70.642231,-33.457049
,DIARIO Y PAPEL,COMUNIDAD EDIFICIO GRAN PLAZA CATEDRAL,LIBERTAD 486,-70.674352,-33.439927
,DIARIO Y PAPEL,COMUNIDAD EDIFICIO MIRADOR,BEAUCHEFF 1325,-70.663782,-33.464547
,DIARIO Y PAPEL,COMUNIDAD EDIFICIO PLAZA SAN ISIDRO II,SAN ISIDRO 345,-70.643675,-33.448376
,DIARIO Y PAPEL,COMUNIDAD EUROPLAZA,LIRA 499,-70.639152,-33.449195
,DIARIO Y PAPEL,COMUNIDAD ROZAS RIQUELME,RIQUELME 689,-70.661195,-33.436148
,DIARIO Y PAPEL,COMUNIDAD VILLA ESPERANZA,ESPERANZA 555,-70.675642,-33.43911
,DIARIO Y PAPEL,CONDOMINIO ALTO SANTA ISABEL,SANTA ISABEL 199,-70.634463,-33.447887
,DIARIO Y PAPEL,CONDOMINIO BULNES,GENERAL BULNES 728,-70.670853,-33.436471
,DIARIO Y PAPEL,CONDOMINIO CATEDRAL BULNES,GENERAL BULNES 520,-70.670508,-33.43899
,DIARIO Y PAPEL,CONDOMINIO CENTRO VERDE,HUERFANOS 1765,-70.661825,-33.440631
,DIARIO Y PAPEL,CONDOMINIO EDIFICIO PLAZA ITALIA,RAMON CORVALAN MELGAREJO 3,-70.636126,-33.438746
,DIARIO Y PAPEL,CONDOMINIO ERASMO ESCALA,ERASMO ESCALA 2445,-70.67031,-33.445174
,DIARIO Y PAPEL,CONDOMINIO FRANCISCO LASO DE LA VEGA,CATEDRAL 2351,-70.669431,-33.439161
,DIARIO Y PAPEL,CONDOMINIO NUEVA ERA II,MARIN 227,-70.63524,-33.44585
,DIARIO Y PAPEL,CONDOMINIO PARQUE LOS REYES II,RICARDO CUMMING 1355,-70.669231,-33.429867
,DIARIO Y PAPEL,CONDOMINIO PLAZA CENTRO CATEDRAL,CATEDRAL 2202,-70.666989,-33.439088
,DIARIO Y PAPEL,CONDOMINIO PLAZA YUNGAY,ROSAS 2725,-70.673863,-33.436899
,DIARIO Y PAPEL,CONDOMINIO SAN PABLO,SAN PABLO 1825,-70.663151,-33.434597
,DIARIO Y PAPEL,CONDOMINIO SAN PABLO 2002,SAN PABLO 2076,-70.665668,-33.434809
,DIARIO Y PAPEL,CONDOMINIO SANTIAGO,LIBERTAD 648,-70.674573,-33.437441
,DIARIO Y PAPEL,EDIFICIO CATEDRAL,CATEDRAL 2165,-70.6666,-33.438863
,DIARIO Y PAPEL,EDIFICIO SACRAMENTINOS,SANTA ISABEL 502,-70.641593,-33.44997
,DIARIO Y PAPEL,EUROPLAS SAN ISIDRO,SAN ISIDRO 250,-70.64381,-33.44675
,DIARIO Y PAPEL,RECONQUISTA,BRASIL 453,-70.664621,-33.439306
,DIARIO Y PAPEL,SOC DE INS PRIMARIA ESC OLEA,MANUEL ANTONIO MATTA 919,-70.646418,-33.458761
,DIARIO Y PAPEL,VIA PUBLICA,MARIN / MANUEL ANTONIO TOCORNAL,-70.641041,-33.447297
,DIARIO Y PAPEL,VIA PUBLICA,CAUTIN / YUNGAY,-70.670365,-33.429724
,DIARIO Y PAPEL,VILLA COPIAPO,TOCORNAL 866,-70.638925,-33.453635
,DIARIO Y PAPEL,ZONA DE RECICLAJE (PLAZA ARAUCO),FRANCISCO PIZARRO / SEPULVEDA LEYTON,-70.670258,-33.469399
,DIARIO Y PAPEL,ZONA DE RECICLAJE (PLAZA BRASIL),HUERFANOS / BRASIL,-70.665024,-33.441064
,DIARIO Y PAPEL,ZONA DE RECICLAJE (PLAZA PANAMA),MATURANA / MARTINEZ DE ROZAS,-70.668285,-33.434216
,DIARIO Y PAPEL,ZONA DE RECICLAJE (PLAZA SAN ISIDRO),SANTA VICTORIA / SAN ISIDRO,-70.643433,-33.448996
,DIARIO Y PAPEL,ZONA DE RECICLAJE (PLAZA YARUR),PEDRO MONTT / FLORENCIO BAHAMONDES,-70.667909,-33.473892
,VIDRIO,FRENTE UNIVERSIDAD DE CHILE,BEAUCHEFF 850,-70.663888,-33.457088
,VIDRIO,FRONTIS EDIFICIO,LORD COCHRANE 184,-70.654785,-33.44856
,VIDRIO,RESTAURANT ANA MARIA,ALMIRANTE LATORRE / TOESCA,-70.664321,-33.453946
,VIDRIO,SUPERMERCADO SANTA ISABEL,ALMIRANTE LATORRE / GRAJALES,-70.664791,-33.451614
,VIDRIO,SUPERMERCADO SANTA ISABEL,SANTA ROSA / FRANKLIN,-70.642096,-33.472911
,VIDRIO,SUPERMERCADO UNIMARC DIEGO PORTALES,PORTUGAL 56,-70.638873,-33.441673
,VIDRIO,UNIVERSIDAD DE CHILE,MARCOLETA / PORTUGAL,-70.638875,-33.441817
,VIDRIO,VIA PUBLICA,SAN PABLO 2989,-70.676943,-33.435335
,VIDRIO,VIA PUBLICA,MONEDA / MAIPU,-70.676271,-33.444816
,VIDRIO,VIA PUBLICA,EXPOSICION 198,-70.677891,-33.453461
,VIDRIO,VIA PUBLICA,GENERAL RONDIZZONI / ALAMOS,-70.658412,-33.47017
,VIDRIO,VIA PUBLICA,ABATE MOLINA 666,-70.672052,-33.457817
,VIDRIO,VIA PUBLICA,MANUEL ANTONIO MATTA / SAN DIEGO,-70.649127,-33.459576
,VIDRIO,VIA PUBLICA,SAN ALFONSO / ANTOFAGASTA,-70.673007,-33.46645
,VIDRIO,VIA PUBLICA,LORD COCHRANE / SANTA ISABEL,-70.654247,-33.452831
,VIDRIO,VIA PUBLICA,RICARDO CUMMING 662,-70.668888,-33.437152
,VIDRIO,VIA PUBLICA,PORTUGAL / COPIAPO,-70.634188,-33.452687
,VIDRIO,VIA PUBLICA,PORTUGAL / ARAUCO,-70.629507,-33.470589
,VIDRIO,VIA PUBLICA,PEDRO LAGOS / ARTURO PRAT,-70.64696,-33.46596
,VIDRIO,VIA PUBLICA,ALMIRANTE BARROSO / CATEDRAL,-70.662391,-33.438548
,VIDRIO,VIA PUBLICA,GENERAL JOFRE 462,-70.641649,-33.446386
,VIDRIO,ZONA DE RECICLAJE,MAPOCHO / LIBERTAD,-70.674912,-33.432502
,VIDRIO,ZONA DE RECICLAJE (PLAZA ARAUCO),FRANCISCO PIZARRO / SEPULVEDA LEYTON,-70.670258,-33.469399
,VIDRIO,ZONA DE RECICLAJE (PLAZA BOGOTA),LIRA / SARGENTO ALDEA,-70.633651,-33.466848
,VIDRIO,ZONA DE RECICLAJE (PLAZA BRASIL),HUERFANOS / BRASIL,-70.665024,-33.441064
,VIDRIO,ZONA DE RECICLAJE (PLAZA PANAMA),MARTINEZ DE ROZAS / MATURANA,-70.668285,-33.434216
,VIDRIO,ZONA DE RECICLAJE (PLAZA SANTA ANA),CATEDRAL / SAN MARTIN,-70.658243,-33.438117
,VIDRIO,ZONA DE RECICLAJE (PLAZA YARUR),PEDRO MONTT / FLORENCIO BAHAMONDES,-70.667909,-33.473892
,VIDRIO,ZONA DE RECICLAJE (PLAZA YUNGAY),STO DOMINGO 2706,-70.673601,-33.438088
,VIDRIO,VIA PUBLICA,CHACABUCO / CHANARCILLO,-70.679636,-33.430302
,VIDRIO,VIA PUBLICA,ARAUCO / TOCORNAL,-70.634574,-33.471252
,VIDRIO,VIA PUBLICA,HERRERA / ATACAMA,-70.67845,-33.43154
,VIDRIO,VIA PUBLICA,CONFERENCIA / FRAY LUIS DE LA PENA,-70.675097,-33.463005
,VIDRIO,VIA PUBLICA,CONCHA CASTILLO / JUAN NEPOMUCENO ESPEJO,-70.672271,-33.472686
,VIDRIO,VIA PUBLICA,PORVENIR / ARTURO PRAT,-70.647546,-33.457749
,VIDRIO,VIA PUBLICA,EJERCITO LIBERTADOR / GAY,-70.660073,-33.454269
,DIARIO Y PAPEL,CONDOMINIO DOW TO,NUEVA SAN MARTIN,-70.656558,-33.443309
,DIARIO Y PAPEL,CONDOMINIO EUROPLAZA CONTENEDOR,GENERAL MACKENNA 625,-70.646256,-33.434548
,DIARIO Y PAPEL,VIA PUBLICA,SAN IGNACIO / SANTA VICTORIA,-70.6544,-33.464177
,DIARIO Y PAPEL,VIA PUBLICA,CUETO / PORTUGAL,-70.671481,-33.442909
,DIARIO Y PAPEL,ZONA DE RECICLAJE (PLAZA MANUEL RODRIGUEZ),ALMIRANTE LATORRE 2159,-70.664999,-33.45156
,VIDRIO,FRENTE UNIVERSIDAD ALBERTO HURTADO,GENERAL JOFRE / TOCORNAL,-70.640689,-33.445964
,VIDRIO,PLAZA DEL BOMBERO,MIRAFLORES,-70.645338,-33.434538
,VIDRIO,PLAZA GENERAL MITRE,PEDRO MONTT / GENERAL GANA,-70.653676,-33.472673
,VIDRIO,SUPERMERCADO MONTSERRAT VICUÑA MACKENNA,GENERAL MACKENNA 879,-70.650171,-33.433391
,VIDRIO,SUPERMERCADO TOTTUS,EYZAGUIRRE / SAN IGNACIO,-70.655054,-33.453582
,VIDRIO,UNIVERSIDAD BERNARDO OHIGGINS,AV. VIEL 1497,-70.656997,-33.464742
,VIDRIO,VIA PUBLICA,MODEDA / RICARDO CUMMING,-70.667187,-33.443517
,VIDRIO,VIA PUBLICA,SANTIAGUILLO / SAN IGNACIO,-70.654654,-33.461112
,VIDRIO,ZONA DE RECICLAJE (PLAZA HERMANOS MATTE),NATANIEL COX / PLACER,-70.648568,-33.475429
,VIDRIO,ZONA DE RECICLAJE (PLAZA MANUEL RODRIGUEZ),ABDON CIFUENTES / GRAJALES,-70.664996,-33.451559
,VIDRIO,VIA PUBLICA,CUEVAS / SANTA VICTORIA,-70.632498,-33.461338
,VIDRIO,VIA PUBLICA,SANTA VICTORIA / JUAN VICUNA,-70.643113,-33.462958
,BOTELLA DE PLASTICO PET NUM 1,SUPERMERCADO LIDER HIPER MATUCANA,MATUCANA 1202,-70.680731,-33.431534
,VIDRIO,SUPERMERCADO LIDER HIPER MATUCANA,MATUCANA 1202,-70.680731,-33.431534
,BOTELLA DE PLASTICO PET NUM 1,ZONA DE RECICLAJE (PLAZA MANUEL RODRIGUEZ),GRAJALES,-70.664999,-33.45156
,DIARIO Y PAPEL,TOESCA II,JOSE MIGUEL CARRERA 439,-70.663032,-33.453002
,ENVASE DE TETRA PAK,SUPERMERCADO SAN FRANCISCO TALAGANTE PLAZA,EYZAGUIRRE 715,-70.931346,-33.662761
,ENVASE DE TETRA PAK,SUPERMERCADO LIDER HIPER TALAGANTE,LIBERTADOR BERNARDO O`HIGGINS 807,-70.926531,-33.663017
,VIDRIO,ESTACIONAMIENTO JUMBO,PADRE HURTADO / PRESIDENTE KENNEDY,-70.548763,-33.38971
,VIDRIO,SUPERMERCADO LIDER (LOS COBRES DE VITACURA),BUENAVENTURA 1770,-70.568154,-33.386467
,BOTELLA DE PLASTICO PET NUM 1,SUPERMERCADO LIDER EXPRESS VITACURA,VITACURA 4100,-70.590691,-33.399553
,BOTELLA DE PLASTICO PET NUM 1,SUPERMERCADO LIDER HIPER BUENAVENTURA,BUENAVENTURA 1770,-70.568154,-33.386467
,DIARIO Y PAPEL,SUPERMERCADOS JUMBO KENNEDY,PRESIDENTE KENNEDY 9001,-70.545256,-33.38891
,DIARIO Y PAPEL,CASA BELEN,ANTONIO DE PASTRANA 2888,-70.598004,-33.403216
,DIARIO Y PAPEL,COMUN EDIFICIO MANQUEHUE,VITACURA 5560,-70.577788,-33.393796
,DIARIO Y PAPEL,COMUNIDAD EDIFICIO LOS ABETOS,LOS ABETOS NORTE 1236,-70.579559,-33.398607
,DIARIO Y PAPEL,FUNDACION SAN JOSE,ANTONIO DE PASTRANA 2822,-70.597733,-33.403245
,DIARIO Y PAPEL,PARROQUIA INMACULADA CONCEPCION,VITACURA 3729,-70.594396,-33.402455
,DIARIO Y PAPEL,PARROQUIA SAN JUAN DE VITACURA,JACQUES CAZOTTE 5600,-70.581169,-33.390858
,DIARIO Y PAPEL,PUNTO LIMPIO,AMERICO VESPUCIO 3098,-70.601083,-33.390479
,DIARIO Y PAPEL,SUPERMERCADO LIDER HIPER BUENAVENTURA,BUENAVENTURA 1770,-70.568154,-33.386467
,DIARIO Y PAPEL,SUPERMERCADOS LIDER EXPRESS VITACURA,VITACURA 4100,-70.590691,-33.399553
,VIDRIO,SUPERMERCADO JUMBO KENNEDY,PRESIDENTE KENNEDY 9001,-70.545256,-33.38891
,VIDRIO,VIA PUBLICA,BUENAVENTURA / MANQUEHUE NORTE,-70.576246,-33.387313
,VIDRIO,VIA PUBLICA,LUIS CARRERA / MONACO,-70.587313,-33.389953
,VIDRIO,VIA PUBLICA,LUIS CARRERA / VITACURA,-70.578486,-33.394404
,VIDRIO,SUPERMERCADO LIDER EXPRESS VITACURA,VITACURA 4100,-70.590691,-33.399553
,VIDRIO,SUPERMERCADO LIDER HIPER BUENAVENTURA,BUENAVENTURA 1770,-70.568154,-33.386467
,VIDRIO,SUPERMERCADO UNIMARC SANTA MARIA,SANTA MARIA 6940,-70.568856,-33.376942
,VIDRIO,VIA PUBLICA,TEXAS / MONTANA,-70.558897,-33.392064
,ENVASE DE TETRA PAK,SUPERMERCADO JUMBO KENNEDY,PRESIDENTE KENNEDY 9001,-70.545256,-33.38891
,ENVASE DE TETRA PAK,PUNTO LIMPIO,AMERICO VESPUCIO 3098,-70.601083,-33.390479
,ENVASE DE TETRA PAK,SUPERMERCADO LIDER EXPRESS VITACURA,VITACURA 4100,-70.590691,-33.399553
,ENVASE DE TETRA PAK,SUPERMERCADO LIDER HIPER BUENAVENTURA,BUENAVENTURA 1770,-70.568154,-33.386467
,ENVASE DE TETRA PAK,SUPERMERCADO SANTA ISABEL VITACURA,VITACURA 6255,-70.570928,-33.39039
,ENVASE DE TETRA PAK,SUPERMERCADO UNIMARC SANTA MARIA,SANTA MARIA 6940,-70.568856,-33.376942
,ENVASE DE TETRA PAK,SUPERMERCADO UNIMARC VITACURA,EDUARDO MARQUINA 3932,-70.592004,-33.399926
,VIDRIO,CLUB MANQUEHUE,VITACURA 5841,-70.574885,-33.391983
,BOTELLA DE PLASTICO PET NUM 1,PUNTO LIMPIO (CANTAGALLO),LAS CONDES 12000,-70.521087,-33.374245
,DIARIO Y PAPEL,PUNTO LIMPIO (CANTAGALLO),LAS CONDES 12000,-70.521087,-33.374245
,VIDRIO,PUNTO LIMPIO (CANTAGALLO),LAS CONDES 12000,-70.521087,-33.374245
,DIARIO Y PAPEL,PARROQUIA SAN FRANCISCO DE SALES,SANTA MARIA 5600,-70.588363,-33.38127
,VIDRIO,SUPERMERCADO UNIMARC VITACURA,EDUARDO MARQUINA 3932,-70.592006,-33.39992
